slot,pmm,market,src_token,dst_token,amount_in,amount_out,compute_units
389129965,humidifi,FksffEqnBRixYGR791Qw2MgdU7zNCpHVFYBL4Fa4qVuH,WSOL,USDC,1.0,123.558396,57211
389129965,humidifi,FksffEqnBRixYGR791Qw2MgdU7zNCpHVFYBL4Fa4qVuH,WSOL,USDC,3.0,370.674804,57283
389129965,humidifi,FksffEqnBRixYGR791Qw2MgdU7zNCpHVFYBL4Fa4qVuH,WSOL,USDC,5.0,617.790886,58729
389129965,humidifi,FksffEqnBRixYGR791Qw2MgdU7zNCpHVFYBL4Fa4qVuH,WSOL,USDC,7.0,864.906716,58736
389129965,humidifi,FksffEqnBRixYGR791Qw2MgdU7zNCpHVFYBL4Fa4qVuH,WSOL,USDC,9.0,1112.022329,58689
389129965,humidifi,FksffEqnBRixYGR791Qw2MgdU7zNCpHVFYBL4Fa4qVuH,WSOL,USDC,11.0,1359.137748,58853
389129965,humidifi,FksffEqnBRixYGR791Qw2MgdU7zNCpHVFYBL4Fa4qVuH,WSOL,USDC,13.0,1606.252989,58793
389129965,humidifi,FksffEqnBRixYGR791Qw2MgdU7zNCpHVFYBL4Fa4qVuH,WSOL,USDC,15.0,1853.368064,58828
389129965,humidifi,FksffEqnBRixYGR791Qw2MgdU7zNCpHVFYBL4Fa4qVuH,WSOL,USDC,17.0,2100.482984,58940
389129965,humidifi,FksffEqnBRixYGR791Qw2MgdU7zNCpHVFYBL4Fa4qVuH,WSOL,USDC,19.0,2347.597755,58865
389129965,humidifi,FksffEqnBRixYGR791Qw2MgdU7zNCpHVFYBL4Fa4qVuH,WSOL,USDC,21.0,2594.712384,58855
389129965,humidifi,FksffEqnBRixYGR791Qw2MgdU7zNCpHVFYBL4Fa4qVuH,WSOL,USDC,23.0,2841.826878,58952
389129965,humidifi,FksffEqnBRixYGR791Qw2MgdU7zNCpHVFYBL4Fa4qVuH,WSOL,USDC,25.0,3088.941241,58804
389129965,humidifi,FksffEqnBRixYGR791Qw2MgdU7zNCpHVFYBL4Fa4qVuH,WSOL,USDC,27.0,3336.055477,60818
389129965,humidifi,FksffEqnBRixYGR791Qw2MgdU7zNCpHVFYBL4Fa4qVuH,WSOL,USDC,29.0,3583.169589,60815
389129965,humidifi,FksffEqnBRixYGR791Qw2MgdU7zNCpHVFYBL4Fa4qVuH,WSOL,USDC,31.0,3830.283583,60815
389129965,humidifi,FksffEqnBRixYGR791Qw2MgdU7zNCpHVFYBL4Fa4qVuH,WSOL,USDC,33.0,4077.397459,60828
389129965,humidifi,FksffEqnBRixYGR791Qw2MgdU7zNCpHVFYBL4Fa4qVuH,WSOL,USDC,35.0,4324.511222,61039
389129965,humidifi,FksffEqnBRixYGR791Qw2MgdU7zNCpHVFYBL4Fa4qVuH,WSOL,USDC,37.0,4571.624873,61051
389129965,humidifi,FksffEqnBRixYGR791Qw2MgdU7zNCpHVFYBL4Fa4qVuH,WSOL,USDC,39.0,4818.738416,61044
389129965,humidifi,FksffEqnBRixYGR791Qw2MgdU7zNCpHVFYBL4Fa4qVuH,WSOL,USDC,41.0,5065.851852,61048
389129965,humidifi,FksffEqnBRixYGR791Qw2MgdU7zNCpHVFYBL4Fa4qVuH,WSOL,USDC,43.0,5312.965183,61733
389129965,humidifi,FksffEqnBRixYGR791Qw2MgdU7zNCpHVFYBL4Fa4qVuH,WSOL,USDC,45.0,5560.05552,61758
389129965,humidifi,FksffEqnBRixYGR791Qw2MgdU7zNCpHVFYBL4Fa4qVuH,WSOL,USDC,47.0,5807.163813,61680
389129965,humidifi,FksffEqnBRixYGR791Qw2MgdU7zNCpHVFYBL4Fa4qVuH,WSOL,USDC,49.0,6054.272358,61612
389129965,humidifi,FksffEqnBRixYGR791Qw2MgdU7zNCpHVFYBL4Fa4qVuH,WSOL,USDC,51.0,6301.381005,61660
389129965,humidifi,FksffEqnBRixYGR791Qw2MgdU7zNCpHVFYBL4Fa4qVuH,WSOL,USDC,53.0,6548.489678,61663
389129965,humidifi,FksffEqnBRixYGR791Qw2MgdU7zNCpHVFYBL4Fa4qVuH,WSOL,USDC,55.0,6795.598332,61704
389129965,humidifi,FksffEqnBRixYGR791Qw2MgdU7zNCpHVFYBL4Fa4qVuH,WSOL,USDC,57.0,7042.706937,61740
389129965,humidifi,FksffEqnBRixYGR791Qw2MgdU7zNCpHVFYBL4Fa4qVuH,WSOL,USDC,59.0,7289.815475,61823
389129965,humidifi,FksffEqnBRixYGR791Qw2MgdU7zNCpHVFYBL4Fa4qVuH,WSOL,USDC,61.0,7536.923934,61741
389129965,humidifi,FksffEqnBRixYGR791Qw2MgdU7zNCpHVFYBL4Fa4qVuH,WSOL,USDC,63.0,7784.032305,61840
389129965,humidifi,FksffEqnBRixYGR791Qw2MgdU7zNCpHVFYBL4Fa4qVuH,WSOL,USDC,65.0,8031.140581,61685
389129965,humidifi,FksffEqnBRixYGR791Qw2MgdU7zNCpHVFYBL4Fa4qVuH,WSOL,USDC,67.0,8278.248758,61737
389129965,humidifi,FksffEqnBRixYGR791Qw2MgdU7zNCpHVFYBL4Fa4qVuH,WSOL,USDC,69.0,8525.356834,61741
389129965,humidifi,FksffEqnBRixYGR791Qw2MgdU7zNCpHVFYBL4Fa4qVuH,WSOL,USDC,71.0,8772.464805,61723
389129965,humidifi,FksffEqnBRixYGR791Qw2MgdU7zNCpHVFYBL4Fa4qVuH,WSOL,USDC,73.0,9019.57267,61760
389129965,humidifi,FksffEqnBRixYGR791Qw2MgdU7zNCpHVFYBL4Fa4qVuH,WSOL,USDC,75.0,9266.680428,61743
389129965,humidifi,FksffEqnBRixYGR791Qw2MgdU7zNCpHVFYBL4Fa4qVuH,WSOL,USDC,77.0,9513.788079,61821
389129965,humidifi,FksffEqnBRixYGR791Qw2MgdU7zNCpHVFYBL4Fa4qVuH,WSOL,USDC,79.0,9760.895621,61740
389129965,humidifi,FksffEqnBRixYGR791Qw2MgdU7zNCpHVFYBL4Fa4qVuH,WSOL,USDC,81.0,10008.003055,61772
389129965,humidifi,FksffEqnBRixYGR791Qw2MgdU7zNCpHVFYBL4Fa4qVuH,WSOL,USDC,83.0,10255.11038,61767
389129965,humidifi,FksffEqnBRixYGR791Qw2MgdU7zNCpHVFYBL4Fa4qVuH,WSOL,USDC,85.0,10502.217598,61773
389129965,humidifi,FksffEqnBRixYGR791Qw2MgdU7zNCpHVFYBL4Fa4qVuH,WSOL,USDC,87.0,10749.324708,61843
389129965,humidifi,FksffEqnBRixYGR791Qw2MgdU7zNCpHVFYBL4Fa4qVuH,WSOL,USDC,89.0,10996.431709,61714
389129965,humidifi,FksffEqnBRixYGR791Qw2MgdU7zNCpHVFYBL4Fa4qVuH,WSOL,USDC,91.0,11243.538604,61776
389129965,humidifi,FksffEqnBRixYGR791Qw2MgdU7zNCpHVFYBL4Fa4qVuH,WSOL,USDC,93.0,11490.645392,61768
389129965,humidifi,FksffEqnBRixYGR791Qw2MgdU7zNCpHVFYBL4Fa4qVuH,WSOL,USDC,95.0,11737.752074,61787
389129965,humidifi,FksffEqnBRixYGR791Qw2MgdU7zNCpHVFYBL4Fa4qVuH,WSOL,USDC,97.0,11984.85865,61772
389129965,humidifi,FksffEqnBRixYGR791Qw2MgdU7zNCpHVFYBL4Fa4qVuH,WSOL,USDC,99.0,12231.96512,61782
389129965,humidifi,FksffEqnBRixYGR791Qw2MgdU7zNCpHVFYBL4Fa4qVuH,WSOL,USDC,101.0,12479.071486,61797
389129965,humidifi,FksffEqnBRixYGR791Qw2MgdU7zNCpHVFYBL4Fa4qVuH,WSOL,USDC,103.0,12726.177748,61840
389129965,humidifi,FksffEqnBRixYGR791Qw2MgdU7zNCpHVFYBL4Fa4qVuH,WSOL,USDC,105.0,12973.283905,61864
389129965,humidifi,FksffEqnBRixYGR791Qw2MgdU7zNCpHVFYBL4Fa4qVuH,WSOL,USDC,107.0,13220.38996,61868
389129965,humidifi,FksffEqnBRixYGR791Qw2MgdU7zNCpHVFYBL4Fa4qVuH,WSOL,USDC,109.0,13467.495913,61874
389129965,humidifi,FksffEqnBRixYGR791Qw2MgdU7zNCpHVFYBL4Fa4qVuH,WSOL,USDC,111.0,13714.601763,61848
389129965,humidifi,FksffEqnBRixYGR791Qw2MgdU7zNCpHVFYBL4Fa4qVuH,WSOL,USDC,113.0,13961.707513,61918
389129965,humidifi,FksffEqnBRixYGR791Qw2MgdU7zNCpHVFYBL4Fa4qVuH,WSOL,USDC,115.0,14208.813161,61840
389129965,humidifi,FksffEqnBRixYGR791Qw2MgdU7zNCpHVFYBL4Fa4qVuH,WSOL,USDC,117.0,14455.918709,61846
389129965,humidifi,FksffEqnBRixYGR791Qw2MgdU7zNCpHVFYBL4Fa4qVuH,WSOL,USDC,119.0,14703.024158,61857
389129965,humidifi,FksffEqnBRixYGR791Qw2MgdU7zNCpHVFYBL4Fa4qVuH,WSOL,USDC,121.0,14950.129507,61798
389129965,humidifi,FksffEqnBRixYGR791Qw2MgdU7zNCpHVFYBL4Fa4qVuH,WSOL,USDC,123.0,15197.234758,61841
389129965,humidifi,FksffEqnBRixYGR791Qw2MgdU7zNCpHVFYBL4Fa4qVuH,WSOL,USDC,125.0,15444.339911,61933
389129965,humidifi,FksffEqnBRixYGR791Qw2MgdU7zNCpHVFYBL4Fa4qVuH,WSOL,USDC,127.0,15691.444966,61872
389129965,humidifi,FksffEqnBRixYGR791Qw2MgdU7zNCpHVFYBL4Fa4qVuH,WSOL,USDC,129.0,15938.549924,61945
389129965,humidifi,FksffEqnBRixYGR791Qw2MgdU7zNCpHVFYBL4Fa4qVuH,WSOL,USDC,131.0,16185.654786,61849
389129965,humidifi,FksffEqnBRixYGR791Qw2MgdU7zNCpHVFYBL4Fa4qVuH,WSOL,USDC,133.0,16432.759551,61858
389129965,humidifi,FksffEqnBRixYGR791Qw2MgdU7zNCpHVFYBL4Fa4qVuH,WSOL,USDC,135.0,16679.864222,61879
389129965,humidifi,FksffEqnBRixYGR791Qw2MgdU7zNCpHVFYBL4Fa4qVuH,WSOL,USDC,137.0,16926.968797,61874
389129965,humidifi,FksffEqnBRixYGR791Qw2MgdU7zNCpHVFYBL4Fa4qVuH,WSOL,USDC,139.0,17174.073278,61880
389129965,humidifi,FksffEqnBRixYGR791Qw2MgdU7zNCpHVFYBL4Fa4qVuH,WSOL,USDC,141.0,17421.177664,61843
389129965,humidifi,FksffEqnBRixYGR791Qw2MgdU7zNCpHVFYBL4Fa4qVuH,WSOL,USDC,143.0,17668.281957,61852
389129965,humidifi,FksffEqnBRixYGR791Qw2MgdU7zNCpHVFYBL4Fa4qVuH,WSOL,USDC,145.0,17915.386157,61861
389129965,humidifi,FksffEqnBRixYGR791Qw2MgdU7zNCpHVFYBL4Fa4qVuH,WSOL,USDC,147.0,18162.490265,61853
389129965,humidifi,FksffEqnBRixYGR791Qw2MgdU7zNCpHVFYBL4Fa4qVuH,WSOL,USDC,149.0,18409.59428,61873
389129965,humidifi,FksffEqnBRixYGR791Qw2MgdU7zNCpHVFYBL4Fa4qVuH,WSOL,USDC,151.0,18656.698203,61849
389129965,humidifi,FksffEqnBRixYGR791Qw2MgdU7zNCpHVFYBL4Fa4qVuH,WSOL,USDC,153.0,18903.802035,61849
389129965,humidifi,FksffEqnBRixYGR791Qw2MgdU7zNCpHVFYBL4Fa4qVuH,WSOL,USDC,155.0,19150.905776,61942
389129965,humidifi,FksffEqnBRixYGR791Qw2MgdU7zNCpHVFYBL4Fa4qVuH,WSOL,USDC,157.0,19398.009426,61847
389129965,humidifi,FksffEqnBRixYGR791Qw2MgdU7zNCpHVFYBL4Fa4qVuH,WSOL,USDC,159.0,19645.112986,61872
389129965,humidifi,FksffEqnBRixYGR791Qw2MgdU7zNCpHVFYBL4Fa4qVuH,WSOL,USDC,161.0,19892.216457,61806
389129965,humidifi,FksffEqnBRixYGR791Qw2MgdU7zNCpHVFYBL4Fa4qVuH,WSOL,USDC,163.0,20139.319838,61864
389129965,humidifi,FksffEqnBRixYGR791Qw2MgdU7zNCpHVFYBL4Fa4qVuH,WSOL,USDC,165.0,20386.42313,61855
389129965,humidifi,FksffEqnBRixYGR791Qw2MgdU7zNCpHVFYBL4Fa4qVuH,WSOL,USDC,167.0,20633.526334,61877
389129965,humidifi,FksffEqnBRixYGR791Qw2MgdU7zNCpHVFYBL4Fa4qVuH,WSOL,USDC,169.0,20880.629449,61886
389129965,humidifi,FksffEqnBRixYGR791Qw2MgdU7zNCpHVFYBL4Fa4qVuH,WSOL,USDC,171.0,21127.732477,61940
389129965,humidifi,FksffEqnBRixYGR791Qw2MgdU7zNCpHVFYBL4Fa4qVuH,WSOL,USDC,173.0,21374.835417,61844
389129965,humidifi,FksffEqnBRixYGR791Qw2MgdU7zNCpHVFYBL4Fa4qVuH,WSOL,USDC,175.0,21621.93827,61938
389129965,humidifi,FksffEqnBRixYGR791Qw2MgdU7zNCpHVFYBL4Fa4qVuH,WSOL,USDC,177.0,21869.041036,61872
389129965,humidifi,FksffEqnBRixYGR791Qw2MgdU7zNCpHVFYBL4Fa4qVuH,WSOL,USDC,179.0,22116.143716,61864
389129965,humidifi,FksffEqnBRixYGR791Qw2MgdU7zNCpHVFYBL4Fa4qVuH,WSOL,USDC,181.0,22363.24631,61875
389129965,humidifi,FksffEqnBRixYGR791Qw2MgdU7zNCpHVFYBL4Fa4qVuH,WSOL,USDC,183.0,22610.348818,61941
389129965,humidifi,FksffEqnBRixYGR791Qw2MgdU7zNCpHVFYBL4Fa4qVuH,WSOL,USDC,185.0,22857.45124,61851
389129965,humidifi,FksffEqnBRixYGR791Qw2MgdU7zNCpHVFYBL4Fa4qVuH,WSOL,USDC,187.0,23104.553578,61871
389129965,humidifi,FksffEqnBRixYGR791Qw2MgdU7zNCpHVFYBL4Fa4qVuH,WSOL,USDC,189.0,23351.65583,61925
389129965,humidifi,FksffEqnBRixYGR791Qw2MgdU7zNCpHVFYBL4Fa4qVuH,WSOL,USDC,191.0,23598.757999,61861
389129965,humidifi,FksffEqnBRixYGR791Qw2MgdU7zNCpHVFYBL4Fa4qVuH,WSOL,USDC,193.0,23845.860083,61871
389129965,humidifi,FksffEqnBRixYGR791Qw2MgdU7zNCpHVFYBL4Fa4qVuH,WSOL,USDC,195.0,24092.962083,61864
389129965,humidifi,FksffEqnBRixYGR791Qw2MgdU7zNCpHVFYBL4Fa4qVuH,WSOL,USDC,197.0,24340.064,61883
389129965,humidifi,FksffEqnBRixYGR791Qw2MgdU7zNCpHVFYBL4Fa4qVuH,WSOL,USDC,199.0,24587.165833,61846
389129965,humidifi,FksffEqnBRixYGR791Qw2MgdU7zNCpHVFYBL4Fa4qVuH,WSOL,USDC,201.0,24834.267583,61857
389129965,humidifi,FksffEqnBRixYGR791Qw2MgdU7zNCpHVFYBL4Fa4qVuH,WSOL,USDC,203.0,25081.369251,61845
389129965,humidifi,FksffEqnBRixYGR791Qw2MgdU7zNCpHVFYBL4Fa4qVuH,WSOL,USDC,205.0,25328.470837,61842
389129965,humidifi,FksffEqnBRixYGR791Qw2MgdU7zNCpHVFYBL4Fa4qVuH,WSOL,USDC,207.0,25575.57234,61872
389129965,humidifi,FksffEqnBRixYGR791Qw2MgdU7zNCpHVFYBL4Fa4qVuH,WSOL,USDC,209.0,25822.673761,61883
389129965,humidifi,FksffEqnBRixYGR791Qw2MgdU7zNCpHVFYBL4Fa4qVuH,WSOL,USDC,211.0,26069.775101,61859
389129965,humidifi,FksffEqnBRixYGR791Qw2MgdU7zNCpHVFYBL4Fa4qVuH,WSOL,USDC,213.0,26316.87636,61892
389129965,humidifi,FksffEqnBRixYGR791Qw2MgdU7zNCpHVFYBL4Fa4qVuH,WSOL,USDC,215.0,26563.977537,61870
389129965,humidifi,FksffEqnBRixYGR791Qw2MgdU7zNCpHVFYBL4Fa4qVuH,WSOL,USDC,217.0,26811.078634,61947
389129965,humidifi,FksffEqnBRixYGR791Qw2MgdU7zNCpHVFYBL4Fa4qVuH,WSOL,USDC,219.0,27058.179651,61861
389129965,humidifi,FksffEqnBRixYGR791Qw2MgdU7zNCpHVFYBL4Fa4qVuH,WSOL,USDC,221.0,27305.280587,61850
389129965,humidifi,FksffEqnBRixYGR791Qw2MgdU7zNCpHVFYBL4Fa4qVuH,WSOL,USDC,223.0,27552.381443,61861
389129965,humidifi,FksffEqnBRixYGR791Qw2MgdU7zNCpHVFYBL4Fa4qVuH,WSOL,USDC,225.0,27799.482219,61887
389129965,humidifi,FksffEqnBRixYGR791Qw2MgdU7zNCpHVFYBL4Fa4qVuH,WSOL,USDC,227.0,28046.582915,61954
389129965,humidifi,FksffEqnBRixYGR791Qw2MgdU7zNCpHVFYBL4Fa4qVuH,WSOL,USDC,229.0,28293.683533,61871
389129965,humidifi,FksffEqnBRixYGR791Qw2MgdU7zNCpHVFYBL4Fa4qVuH,WSOL,USDC,231.0,28540.784071,61946
389129965,humidifi,FksffEqnBRixYGR791Qw2MgdU7zNCpHVFYBL4Fa4qVuH,WSOL,USDC,233.0,28787.884531,61871
389129965,humidifi,FksffEqnBRixYGR791Qw2MgdU7zNCpHVFYBL4Fa4qVuH,WSOL,USDC,235.0,29034.984912,61894
389129965,humidifi,FksffEqnBRixYGR791Qw2MgdU7zNCpHVFYBL4Fa4qVuH,WSOL,USDC,237.0,29282.085214,61845
389129965,humidifi,FksffEqnBRixYGR791Qw2MgdU7zNCpHVFYBL4Fa4qVuH,WSOL,USDC,239.0,29529.185439,61856
389129965,humidifi,FksffEqnBRixYGR791Qw2MgdU7zNCpHVFYBL4Fa4qVuH,WSOL,USDC,241.0,29776.285585,61859
389129965,humidifi,FksffEqnBRixYGR791Qw2MgdU7zNCpHVFYBL4Fa4qVuH,WSOL,USDC,243.0,30023.385654,61942
389129965,humidifi,FksffEqnBRixYGR791Qw2MgdU7zNCpHVFYBL4Fa4qVuH,WSOL,USDC,245.0,30270.485645,61933
389129965,humidifi,FksffEqnBRixYGR791Qw2MgdU7zNCpHVFYBL4Fa4qVuH,WSOL,USDC,247.0,30517.585559,61860
389129965,humidifi,FksffEqnBRixYGR791Qw2MgdU7zNCpHVFYBL4Fa4qVuH,WSOL,USDC,249.0,30764.685396,61951
389129965,humidifi,FksffEqnBRixYGR791Qw2MgdU7zNCpHVFYBL4Fa4qVuH,WSOL,USDC,251.0,31011.785157,61865
389129965,humidifi,FksffEqnBRixYGR791Qw2MgdU7zNCpHVFYBL4Fa4qVuH,WSOL,USDC,253.0,31258.88484,61931
389129965,humidifi,FksffEqnBRixYGR791Qw2MgdU7zNCpHVFYBL4Fa4qVuH,WSOL,USDC,255.0,31505.984447,61857
389129965,humidifi,FksffEqnBRixYGR791Qw2MgdU7zNCpHVFYBL4Fa4qVuH,WSOL,USDC,257.0,31753.083978,61941
389129965,humidifi,FksffEqnBRixYGR791Qw2MgdU7zNCpHVFYBL4Fa4qVuH,WSOL,USDC,259.0,32000.183433,61865
389129965,humidifi,FksffEqnBRixYGR791Qw2MgdU7zNCpHVFYBL4Fa4qVuH,WSOL,USDC,261.0,32247.282812,61886
389129965,humidifi,FksffEqnBRixYGR791Qw2MgdU7zNCpHVFYBL4Fa4qVuH,WSOL,USDC,263.0,32494.382116,61891
389129965,humidifi,FksffEqnBRixYGR791Qw2MgdU7zNCpHVFYBL4Fa4qVuH,WSOL,USDC,265.0,32741.481343,61807
389129965,humidifi,FksffEqnBRixYGR791Qw2MgdU7zNCpHVFYBL4Fa4qVuH,WSOL,USDC,267.0,32988.580496,61929
389129965,humidifi,FksffEqnBRixYGR791Qw2MgdU7zNCpHVFYBL4Fa4qVuH,WSOL,USDC,269.0,33235.679574,61868
389129965,humidifi,FksffEqnBRixYGR791Qw2MgdU7zNCpHVFYBL4Fa4qVuH,WSOL,USDC,271.0,33482.778576,61948
389129965,humidifi,FksffEqnBRixYGR791Qw2MgdU7zNCpHVFYBL4Fa4qVuH,WSOL,USDC,273.0,33729.877504,61881
389129965,humidifi,FksffEqnBRixYGR791Qw2MgdU7zNCpHVFYBL4Fa4qVuH,WSOL,USDC,275.0,33976.976358,61886
389129965,humidifi,FksffEqnBRixYGR791Qw2MgdU7zNCpHVFYBL4Fa4qVuH,WSOL,USDC,277.0,34224.075137,61938
389129965,humidifi,FksffEqnBRixYGR791Qw2MgdU7zNCpHVFYBL4Fa4qVuH,WSOL,USDC,279.0,34471.173842,61882
389129965,humidifi,FksffEqnBRixYGR791Qw2MgdU7zNCpHVFYBL4Fa4qVuH,WSOL,USDC,281.0,34718.272473,61917
389129965,humidifi,FksffEqnBRixYGR791Qw2MgdU7zNCpHVFYBL4Fa4qVuH,WSOL,USDC,283.0,34965.37103,61867
389129965,humidifi,FksffEqnBRixYGR791Qw2MgdU7zNCpHVFYBL4Fa4qVuH,WSOL,USDC,285.0,35212.469514,61853
389129965,humidifi,FksffEqnBRixYGR791Qw2MgdU7zNCpHVFYBL4Fa4qVuH,WSOL,USDC,287.0,35459.567924,61883
389129965,humidifi,FksffEqnBRixYGR791Qw2MgdU7zNCpHVFYBL4Fa4qVuH,WSOL,USDC,289.0,35706.666261,61875
389129965,humidifi,FksffEqnBRixYGR791Qw2MgdU7zNCpHVFYBL4Fa4qVuH,WSOL,USDC,291.0,35953.764524,61882
389129965,humidifi,FksffEqnBRixYGR791Qw2MgdU7zNCpHVFYBL4Fa4qVuH,WSOL,USDC,293.0,36200.862715,61885
389129965,humidifi,FksffEqnBRixYGR791Qw2MgdU7zNCpHVFYBL4Fa4qVuH,WSOL,USDC,295.0,36447.960833,61912
389129965,humidifi,FksffEqnBRixYGR791Qw2MgdU7zNCpHVFYBL4Fa4qVuH,WSOL,USDC,297.0,36695.058878,61912
389129965,humidifi,FksffEqnBRixYGR791Qw2MgdU7zNCpHVFYBL4Fa4qVuH,WSOL,USDC,299.0,36942.15685,61928
389129965,humidifi,FksffEqnBRixYGR791Qw2MgdU7zNCpHVFYBL4Fa4qVuH,WSOL,USDC,301.0,37189.254751,62011
389129965,humidifi,FksffEqnBRixYGR791Qw2MgdU7zNCpHVFYBL4Fa4qVuH,WSOL,USDC,303.0,37436.352579,61932
389129965,humidifi,FksffEqnBRixYGR791Qw2MgdU7zNCpHVFYBL4Fa4qVuH,WSOL,USDC,305.0,37683.450335,61910
389129965,humidifi,FksffEqnBRixYGR791Qw2MgdU7zNCpHVFYBL4Fa4qVuH,WSOL,USDC,307.0,37930.548019,61904
389129965,humidifi,FksffEqnBRixYGR791Qw2MgdU7zNCpHVFYBL4Fa4qVuH,WSOL,USDC,309.0,38177.645632,61919
389129965,humidifi,FksffEqnBRixYGR791Qw2MgdU7zNCpHVFYBL4Fa4qVuH,WSOL,USDC,311.0,38424.743173,61919
389129965,humidifi,FksffEqnBRixYGR791Qw2MgdU7zNCpHVFYBL4Fa4qVuH,WSOL,USDC,313.0,38671.840642,61992
389129965,humidifi,FksffEqnBRixYGR791Qw2MgdU7zNCpHVFYBL4Fa4qVuH,WSOL,USDC,315.0,38918.938041,61995
389129965,humidifi,FksffEqnBRixYGR791Qw2MgdU7zNCpHVFYBL4Fa4qVuH,WSOL,USDC,317.0,39166.035368,61917
389129965,humidifi,FksffEqnBRixYGR791Qw2MgdU7zNCpHVFYBL4Fa4qVuH,WSOL,USDC,319.0,39413.132624,61898
389129965,humidifi,FksffEqnBRixYGR791Qw2MgdU7zNCpHVFYBL4Fa4qVuH,WSOL,USDC,321.0,39660.229809,61917
389129965,humidifi,FksffEqnBRixYGR791Qw2MgdU7zNCpHVFYBL4Fa4qVuH,WSOL,USDC,323.0,39907.326924,61913
389129965,humidifi,FksffEqnBRixYGR791Qw2MgdU7zNCpHVFYBL4Fa4qVuH,WSOL,USDC,325.0,40154.423968,61985
389129965,humidifi,FksffEqnBRixYGR791Qw2MgdU7zNCpHVFYBL4Fa4qVuH,WSOL,USDC,327.0,40401.520942,61936
389129965,humidifi,FksffEqnBRixYGR791Qw2MgdU7zNCpHVFYBL4Fa4qVuH,WSOL,USDC,329.0,40648.617845,61944
389129965,humidifi,FksffEqnBRixYGR791Qw2MgdU7zNCpHVFYBL4Fa4qVuH,WSOL,USDC,331.0,40895.714678,61916
389129965,humidifi,FksffEqnBRixYGR791Qw2MgdU7zNCpHVFYBL4Fa4qVuH,WSOL,USDC,333.0,41142.811441,61925
389129965,humidifi,FksffEqnBRixYGR791Qw2MgdU7zNCpHVFYBL4Fa4qVuH,WSOL,USDC,335.0,41389.908135,61935
389129965,humidifi,FksffEqnBRixYGR791Qw2MgdU7zNCpHVFYBL4Fa4qVuH,WSOL,USDC,337.0,41637.004758,61938
389129965,humidifi,FksffEqnBRixYGR791Qw2MgdU7zNCpHVFYBL4Fa4qVuH,WSOL,USDC,339.0,41884.101312,61914
389129965,humidifi,FksffEqnBRixYGR791Qw2MgdU7zNCpHVFYBL4Fa4qVuH,WSOL,USDC,341.0,42131.197797,61933
389129965,humidifi,FksffEqnBRixYGR791Qw2MgdU7zNCpHVFYBL4Fa4qVuH,WSOL,USDC,343.0,42378.294212,61982
389129965,humidifi,FksffEqnBRixYGR791Qw2MgdU7zNCpHVFYBL4Fa4qVuH,WSOL,USDC,345.0,42625.390558,62008
389129965,humidifi,FksffEqnBRixYGR791Qw2MgdU7zNCpHVFYBL4Fa4qVuH,WSOL,USDC,347.0,42872.486835,61943
389129965,humidifi,FksffEqnBRixYGR791Qw2MgdU7zNCpHVFYBL4Fa4qVuH,WSOL,USDC,349.0,43119.583043,61925
389129965,humidifi,FksffEqnBRixYGR791Qw2MgdU7zNCpHVFYBL4Fa4qVuH,WSOL,USDC,351.0,43366.679182,61933
389129965,humidifi,FksffEqnBRixYGR791Qw2MgdU7zNCpHVFYBL4Fa4qVuH,WSOL,USDC,353.0,43613.775252,61915
389129965,humidifi,FksffEqnBRixYGR791Qw2MgdU7zNCpHVFYBL4Fa4qVuH,WSOL,USDC,355.0,43860.871254,61942
389129965,humidifi,FksffEqnBRixYGR791Qw2MgdU7zNCpHVFYBL4Fa4qVuH,WSOL,USDC,357.0,44107.967187,61942
389129965,humidifi,FksffEqnBRixYGR791Qw2MgdU7zNCpHVFYBL4Fa4qVuH,WSOL,USDC,359.0,44355.063052,61928
389129965,humidifi,FksffEqnBRixYGR791Qw2MgdU7zNCpHVFYBL4Fa4qVuH,WSOL,USDC,361.0,44602.158849,61951
389129965,humidifi,FksffEqnBRixYGR791Qw2MgdU7zNCpHVFYBL4Fa4qVuH,WSOL,USDC,363.0,44849.254577,61921
389129965,humidifi,FksffEqnBRixYGR791Qw2MgdU7zNCpHVFYBL4Fa4qVuH,WSOL,USDC,365.0,45096.350238,61986
389129965,humidifi,FksffEqnBRixYGR791Qw2MgdU7zNCpHVFYBL4Fa4qVuH,WSOL,USDC,367.0,45343.44583,61925
389129965,humidifi,FksffEqnBRixYGR791Qw2MgdU7zNCpHVFYBL4Fa4qVuH,WSOL,USDC,369.0,45590.541355,61933
389129965,humidifi,FksffEqnBRixYGR791Qw2MgdU7zNCpHVFYBL4Fa4qVuH,WSOL,USDC,371.0,45837.636813,61983
389129965,humidifi,FksffEqnBRixYGR791Qw2MgdU7zNCpHVFYBL4Fa4qVuH,WSOL,USDC,373.0,46084.732202,61938
389129965,humidifi,FksffEqnBRixYGR791Qw2MgdU7zNCpHVFYBL4Fa4qVuH,WSOL,USDC,375.0,46331.827525,62016
389129965,humidifi,FksffEqnBRixYGR791Qw2MgdU7zNCpHVFYBL4Fa4qVuH,WSOL,USDC,377.0,46578.92278,61995
389129965,humidifi,FksffEqnBRixYGR791Qw2MgdU7zNCpHVFYBL4Fa4qVuH,WSOL,USDC,379.0,46826.017967,61940
389129965,humidifi,FksffEqnBRixYGR791Qw2MgdU7zNCpHVFYBL4Fa4qVuH,WSOL,USDC,381.0,47073.113088,61952
389129965,humidifi,FksffEqnBRixYGR791Qw2MgdU7zNCpHVFYBL4Fa4qVuH,WSOL,USDC,383.0,47320.208142,61928
389129965,humidifi,FksffEqnBRixYGR791Qw2MgdU7zNCpHVFYBL4Fa4qVuH,WSOL,USDC,385.0,47567.303128,61932
389129965,humidifi,FksffEqnBRixYGR791Qw2MgdU7zNCpHVFYBL4Fa4qVuH,WSOL,USDC,387.0,47814.398048,61904
389129965,humidifi,FksffEqnBRixYGR791Qw2MgdU7zNCpHVFYBL4Fa4qVuH,WSOL,USDC,389.0,48061.492902,61926
389129965,humidifi,FksffEqnBRixYGR791Qw2MgdU7zNCpHVFYBL4Fa4qVuH,WSOL,USDC,391.0,48308.587689,61921
389129965,humidifi,FksffEqnBRixYGR791Qw2MgdU7zNCpHVFYBL4Fa4qVuH,WSOL,USDC,393.0,48555.682409,62007
389129965,humidifi,FksffEqnBRixYGR791Qw2MgdU7zNCpHVFYBL4Fa4qVuH,WSOL,USDC,395.0,48802.777063,61936
389129965,humidifi,FksffEqnBRixYGR791Qw2MgdU7zNCpHVFYBL4Fa4qVuH,WSOL,USDC,397.0,49049.871651,62008
389129965,humidifi,FksffEqnBRixYGR791Qw2MgdU7zNCpHVFYBL4Fa4qVuH,WSOL,USDC,399.0,49296.966172,61927
389129965,humidifi,FksffEqnBRixYGR791Qw2MgdU7zNCpHVFYBL4Fa4qVuH,WSOL,USDC,401.0,49544.060628,61878
389129965,humidifi,FksffEqnBRixYGR791Qw2MgdU7zNCpHVFYBL4Fa4qVuH,WSOL,USDC,403.0,49791.155017,62021
389129965,humidifi,FksffEqnBRixYGR791Qw2MgdU7zNCpHVFYBL4Fa4qVuH,WSOL,USDC,405.0,50037.191047,61873
389129965,humidifi,FksffEqnBRixYGR791Qw2MgdU7zNCpHVFYBL4Fa4qVuH,WSOL,USDC,407.0,50284.25889,61872
389129965,humidifi,FksffEqnBRixYGR791Qw2MgdU7zNCpHVFYBL4Fa4qVuH,WSOL,USDC,409.0,50531.327034,61805
389129965,humidifi,FksffEqnBRixYGR791Qw2MgdU7zNCpHVFYBL4Fa4qVuH,WSOL,USDC,411.0,50778.39545,61739
389129965,humidifi,FksffEqnBRixYGR791Qw2MgdU7zNCpHVFYBL4Fa4qVuH,WSOL,USDC,413.0,51025.464111,61797
389129965,humidifi,FksffEqnBRixYGR791Qw2MgdU7zNCpHVFYBL4Fa4qVuH,WSOL,USDC,415.0,51272.532996,61867
389129965,humidifi,FksffEqnBRixYGR791Qw2MgdU7zNCpHVFYBL4Fa4qVuH,WSOL,USDC,417.0,51519.602083,61811
389129965,humidifi,FksffEqnBRixYGR791Qw2MgdU7zNCpHVFYBL4Fa4qVuH,WSOL,USDC,419.0,51766.671354,61803
389129965,humidifi,FksffEqnBRixYGR791Qw2MgdU7zNCpHVFYBL4Fa4qVuH,WSOL,USDC,421.0,52013.740791,61810
389129965,humidifi,FksffEqnBRixYGR791Qw2MgdU7zNCpHVFYBL4Fa4qVuH,WSOL,USDC,423.0,52260.810379,61892
389129965,humidifi,FksffEqnBRixYGR791Qw2MgdU7zNCpHVFYBL4Fa4qVuH,WSOL,USDC,425.0,52507.880103,61856
389129965,humidifi,FksffEqnBRixYGR791Qw2MgdU7zNCpHVFYBL4Fa4qVuH,WSOL,USDC,427.0,52754.949952,61934
389129965,humidifi,FksffEqnBRixYGR791Qw2MgdU7zNCpHVFYBL4Fa4qVuH,WSOL,USDC,429.0,53002.019913,61871
389129965,humidifi,FksffEqnBRixYGR791Qw2MgdU7zNCpHVFYBL4Fa4qVuH,WSOL,USDC,431.0,53249.089975,61885
389129965,humidifi,FksffEqnBRixYGR791Qw2MgdU7zNCpHVFYBL4Fa4qVuH,WSOL,USDC,433.0,53496.160127,61853
389129965,humidifi,FksffEqnBRixYGR791Qw2MgdU7zNCpHVFYBL4Fa4qVuH,WSOL,USDC,435.0,53743.230362,61854
389129965,humidifi,FksffEqnBRixYGR791Qw2MgdU7zNCpHVFYBL4Fa4qVuH,WSOL,USDC,437.0,53990.300669,61856
389129965,humidifi,FksffEqnBRixYGR791Qw2MgdU7zNCpHVFYBL4Fa4qVuH,WSOL,USDC,439.0,54237.371042,61839
389129965,humidifi,FksffEqnBRixYGR791Qw2MgdU7zNCpHVFYBL4Fa4qVuH,WSOL,USDC,441.0,54484.441472,61931
389129965,humidifi,FksffEqnBRixYGR791Qw2MgdU7zNCpHVFYBL4Fa4qVuH,WSOL,USDC,443.0,54731.511953,61808
389129965,humidifi,FksffEqnBRixYGR791Qw2MgdU7zNCpHVFYBL4Fa4qVuH,WSOL,USDC,445.0,54978.582478,61922
389129965,humidifi,FksffEqnBRixYGR791Qw2MgdU7zNCpHVFYBL4Fa4qVuH,WSOL,USDC,447.0,55225.653042,61919
389129965,humidifi,FksffEqnBRixYGR791Qw2MgdU7zNCpHVFYBL4Fa4qVuH,WSOL,USDC,449.0,55472.723639,61947
389129965,humidifi,FksffEqnBRixYGR791Qw2MgdU7zNCpHVFYBL4Fa4qVuH,WSOL,USDC,451.0,55719.794263,61867
389129965,humidifi,FksffEqnBRixYGR791Qw2MgdU7zNCpHVFYBL4Fa4qVuH,WSOL,USDC,453.0,55966.864909,61857
389129965,humidifi,FksffEqnBRixYGR791Qw2MgdU7zNCpHVFYBL4Fa4qVuH,WSOL,USDC,455.0,56213.935574,61856
389129965,humidifi,FksffEqnBRixYGR791Qw2MgdU7zNCpHVFYBL4Fa4qVuH,WSOL,USDC,457.0,56461.006252,61963
389129965,humidifi,FksffEqnBRixYGR791Qw2MgdU7zNCpHVFYBL4Fa4qVuH,WSOL,USDC,459.0,56708.07694,61877
389129965,humidifi,FksffEqnBRixYGR791Qw2MgdU7zNCpHVFYBL4Fa4qVuH,WSOL,USDC,461.0,56955.147633,61891
389129965,humidifi,FksffEqnBRixYGR791Qw2MgdU7zNCpHVFYBL4Fa4qVuH,WSOL,USDC,463.0,57202.218328,61860
389129965,humidifi,FksffEqnBRixYGR791Qw2MgdU7zNCpHVFYBL4Fa4qVuH,WSOL,USDC,465.0,57449.289022,61855
389129965,humidifi,FksffEqnBRixYGR791Qw2MgdU7zNCpHVFYBL4Fa4qVuH,WSOL,USDC,467.0,57696.359711,61867
389129965,humidifi,FksffEqnBRixYGR791Qw2MgdU7zNCpHVFYBL4Fa4qVuH,WSOL,USDC,469.0,57943.430393,61938
389129965,humidifi,FksffEqnBRixYGR791Qw2MgdU7zNCpHVFYBL4Fa4qVuH,WSOL,USDC,471.0,58190.501064,61877
389129965,humidifi,FksffEqnBRixYGR791Qw2MgdU7zNCpHVFYBL4Fa4qVuH,WSOL,USDC,473.0,58437.571722,61916
389129965,humidifi,FksffEqnBRixYGR791Qw2MgdU7zNCpHVFYBL4Fa4qVuH,WSOL,USDC,475.0,58684.642364,61854
389129965,humidifi,FksffEqnBRixYGR791Qw2MgdU7zNCpHVFYBL4Fa4qVuH,WSOL,USDC,477.0,58931.712988,61949
389129965,humidifi,FksffEqnBRixYGR791Qw2MgdU7zNCpHVFYBL4Fa4qVuH,WSOL,USDC,479.0,59178.783591,61923
389129965,humidifi,FksffEqnBRixYGR791Qw2MgdU7zNCpHVFYBL4Fa4qVuH,WSOL,USDC,481.0,59425.854171,61937
389129965,humidifi,FksffEqnBRixYGR791Qw2MgdU7zNCpHVFYBL4Fa4qVuH,WSOL,USDC,483.0,59672.924726,61885
389129965,humidifi,FksffEqnBRixYGR791Qw2MgdU7zNCpHVFYBL4Fa4qVuH,WSOL,USDC,485.0,59919.995254,61870
389129965,humidifi,FksffEqnBRixYGR791Qw2MgdU7zNCpHVFYBL4Fa4qVuH,WSOL,USDC,487.0,60167.065754,61942
389129965,humidifi,FksffEqnBRixYGR791Qw2MgdU7zNCpHVFYBL4Fa4qVuH,WSOL,USDC,489.0,60414.136222,61883
389129965,humidifi,FksffEqnBRixYGR791Qw2MgdU7zNCpHVFYBL4Fa4qVuH,WSOL,USDC,491.0,60661.206658,61898
389129965,humidifi,FksffEqnBRixYGR791Qw2MgdU7zNCpHVFYBL4Fa4qVuH,WSOL,USDC,493.0,60908.27706,61877
389129965,humidifi,FksffEqnBRixYGR791Qw2MgdU7zNCpHVFYBL4Fa4qVuH,WSOL,USDC,495.0,61155.347427,61847
389129965,humidifi,FksffEqnBRixYGR791Qw2MgdU7zNCpHVFYBL4Fa4qVuH,WSOL,USDC,497.0,61402.417756,61869
389129965,humidifi,FksffEqnBRixYGR791Qw2MgdU7zNCpHVFYBL4Fa4qVuH,WSOL,USDC,499.0,61649.488047,61874
389129965,humidifi,FksffEqnBRixYGR791Qw2MgdU7zNCpHVFYBL4Fa4qVuH,WSOL,USDC,501.0,61896.558298,61852
389129965,humidifi,FksffEqnBRixYGR791Qw2MgdU7zNCpHVFYBL4Fa4qVuH,WSOL,USDC,503.0,62143.628507,61956
389129965,humidifi,FksffEqnBRixYGR791Qw2MgdU7zNCpHVFYBL4Fa4qVuH,WSOL,USDC,505.0,62390.698674,61949
389129965,humidifi,FksffEqnBRixYGR791Qw2MgdU7zNCpHVFYBL4Fa4qVuH,WSOL,USDC,507.0,62637.768797,61931
389129965,humidifi,FksffEqnBRixYGR791Qw2MgdU7zNCpHVFYBL4Fa4qVuH,WSOL,USDC,509.0,62884.838876,61881
389129965,humidifi,FksffEqnBRixYGR791Qw2MgdU7zNCpHVFYBL4Fa4qVuH,WSOL,USDC,511.0,63131.908908,61932
389129965,humidifi,FksffEqnBRixYGR791Qw2MgdU7zNCpHVFYBL4Fa4qVuH,WSOL,USDC,513.0,63378.978894,61880
389129965,humidifi,FksffEqnBRixYGR791Qw2MgdU7zNCpHVFYBL4Fa4qVuH,WSOL,USDC,515.0,63626.048831,61878
389129965,humidifi,FksffEqnBRixYGR791Qw2MgdU7zNCpHVFYBL4Fa4qVuH,WSOL,USDC,517.0,63873.11872,61865
389129965,humidifi,FksffEqnBRixYGR791Qw2MgdU7zNCpHVFYBL4Fa4qVuH,WSOL,USDC,519.0,64120.188559,61872
389129965,humidifi,FksffEqnBRixYGR791Qw2MgdU7zNCpHVFYBL4Fa4qVuH,WSOL,USDC,521.0,64367.258347,61845
389129965,humidifi,FksffEqnBRixYGR791Qw2MgdU7zNCpHVFYBL4Fa4qVuH,WSOL,USDC,523.0,64614.328083,61873
389129965,humidifi,FksffEqnBRixYGR791Qw2MgdU7zNCpHVFYBL4Fa4qVuH,WSOL,USDC,525.0,64861.397767,61866
389129965,humidifi,FksffEqnBRixYGR791Qw2MgdU7zNCpHVFYBL4Fa4qVuH,WSOL,USDC,527.0,65108.467398,61855
389129965,humidifi,FksffEqnBRixYGR791Qw2MgdU7zNCpHVFYBL4Fa4qVuH,WSOL,USDC,529.0,65355.536975,61883
389129965,humidifi,FksffEqnBRixYGR791Qw2MgdU7zNCpHVFYBL4Fa4qVuH,WSOL,USDC,531.0,65602.606497,61811
389129965,humidifi,FksffEqnBRixYGR791Qw2MgdU7zNCpHVFYBL4Fa4qVuH,WSOL,USDC,533.0,65849.675963,61861
389129965,humidifi,FksffEqnBRixYGR791Qw2MgdU7zNCpHVFYBL4Fa4qVuH,WSOL,USDC,535.0,66096.745374,61884
389129965,humidifi,FksffEqnBRixYGR791Qw2MgdU7zNCpHVFYBL4Fa4qVuH,WSOL,USDC,537.0,66343.814728,61875
389129965,humidifi,FksffEqnBRixYGR791Qw2MgdU7zNCpHVFYBL4Fa4qVuH,WSOL,USDC,539.0,66590.884025,61876
389129965,humidifi,FksffEqnBRixYGR791Qw2MgdU7zNCpHVFYBL4Fa4qVuH,WSOL,USDC,541.0,66837.953264,61864
389129965,humidifi,FksffEqnBRixYGR791Qw2MgdU7zNCpHVFYBL4Fa4qVuH,WSOL,USDC,543.0,67085.022444,61852
389129965,humidifi,FksffEqnBRixYGR791Qw2MgdU7zNCpHVFYBL4Fa4qVuH,WSOL,USDC,545.0,67332.091566,61862
389129965,humidifi,FksffEqnBRixYGR791Qw2MgdU7zNCpHVFYBL4Fa4qVuH,WSOL,USDC,547.0,67579.160628,61885
389129965,humidifi,FksffEqnBRixYGR791Qw2MgdU7zNCpHVFYBL4Fa4qVuH,WSOL,USDC,549.0,67826.22963,61877
389129965,humidifi,FksffEqnBRixYGR791Qw2MgdU7zNCpHVFYBL4Fa4qVuH,WSOL,USDC,551.0,68073.298571,61878
389129965,humidifi,FksffEqnBRixYGR791Qw2MgdU7zNCpHVFYBL4Fa4qVuH,WSOL,USDC,553.0,68320.367452,61877
389129965,humidifi,FksffEqnBRixYGR791Qw2MgdU7zNCpHVFYBL4Fa4qVuH,WSOL,USDC,555.0,68567.436271,61879
389129965,humidifi,FksffEqnBRixYGR791Qw2MgdU7zNCpHVFYBL4Fa4qVuH,WSOL,USDC,557.0,68814.505028,61891
389129965,humidifi,FksffEqnBRixYGR791Qw2MgdU7zNCpHVFYBL4Fa4qVuH,WSOL,USDC,559.0,69061.573723,61863
389129965,humidifi,FksffEqnBRixYGR791Qw2MgdU7zNCpHVFYBL4Fa4qVuH,WSOL,USDC,561.0,69308.642355,61861
389129965,humidifi,FksffEqnBRixYGR791Qw2MgdU7zNCpHVFYBL4Fa4qVuH,WSOL,USDC,563.0,69555.710925,61942
389129965,humidifi,FksffEqnBRixYGR791Qw2MgdU7zNCpHVFYBL4Fa4qVuH,WSOL,USDC,565.0,69802.77943,61942
389129965,humidifi,FksffEqnBRixYGR791Qw2MgdU7zNCpHVFYBL4Fa4qVuH,WSOL,USDC,567.0,70049.847872,61938
389129965,humidifi,FksffEqnBRixYGR791Qw2MgdU7zNCpHVFYBL4Fa4qVuH,WSOL,USDC,569.0,70296.91625,61935
389129965,humidifi,FksffEqnBRixYGR791Qw2MgdU7zNCpHVFYBL4Fa4qVuH,WSOL,USDC,571.0,70543.984564,61957
389129965,humidifi,FksffEqnBRixYGR791Qw2MgdU7zNCpHVFYBL4Fa4qVuH,WSOL,USDC,573.0,70791.052812,61882
389129965,humidifi,FksffEqnBRixYGR791Qw2MgdU7zNCpHVFYBL4Fa4qVuH,WSOL,USDC,575.0,71038.120995,61865
389129965,humidifi,FksffEqnBRixYGR791Qw2MgdU7zNCpHVFYBL4Fa4qVuH,WSOL,USDC,577.0,71285.189113,61866
389129965,humidifi,FksffEqnBRixYGR791Qw2MgdU7zNCpHVFYBL4Fa4qVuH,WSOL,USDC,579.0,71532.257166,61871
389129965,humidifi,FksffEqnBRixYGR791Qw2MgdU7zNCpHVFYBL4Fa4qVuH,WSOL,USDC,581.0,71779.325152,61875
389129965,humidifi,FksffEqnBRixYGR791Qw2MgdU7zNCpHVFYBL4Fa4qVuH,WSOL,USDC,583.0,72026.393072,61897
389129965,humidifi,FksffEqnBRixYGR791Qw2MgdU7zNCpHVFYBL4Fa4qVuH,WSOL,USDC,585.0,72273.460926,61880
389129965,humidifi,FksffEqnBRixYGR791Qw2MgdU7zNCpHVFYBL4Fa4qVuH,WSOL,USDC,587.0,72520.528713,61814
389129965,humidifi,FksffEqnBRixYGR791Qw2MgdU7zNCpHVFYBL4Fa4qVuH,WSOL,USDC,589.0,72767.596433,61856
389129965,humidifi,FksffEqnBRixYGR791Qw2MgdU7zNCpHVFYBL4Fa4qVuH,WSOL,USDC,591.0,73014.664085,61876
389129965,humidifi,FksffEqnBRixYGR791Qw2MgdU7zNCpHVFYBL4Fa4qVuH,WSOL,USDC,593.0,73261.73167,61883
389129965,humidifi,FksffEqnBRixYGR791Qw2MgdU7zNCpHVFYBL4Fa4qVuH,WSOL,USDC,595.0,73508.799188,61882
389129965,humidifi,FksffEqnBRixYGR791Qw2MgdU7zNCpHVFYBL4Fa4qVuH,WSOL,USDC,597.0,73755.866638,61881
389129965,humidifi,FksffEqnBRixYGR791Qw2MgdU7zNCpHVFYBL4Fa4qVuH,WSOL,USDC,599.0,74002.934019,61873
389129965,humidifi,FksffEqnBRixYGR791Qw2MgdU7zNCpHVFYBL4Fa4qVuH,WSOL,USDC,601.0,74250.001332,61888
389129965,humidifi,FksffEqnBRixYGR791Qw2MgdU7zNCpHVFYBL4Fa4qVuH,WSOL,USDC,603.0,74497.068577,61855
389129965,humidifi,FksffEqnBRixYGR791Qw2MgdU7zNCpHVFYBL4Fa4qVuH,WSOL,USDC,605.0,74744.135754,61863
389129965,humidifi,FksffEqnBRixYGR791Qw2MgdU7zNCpHVFYBL4Fa4qVuH,WSOL,USDC,607.0,74991.202861,61937
389129965,humidifi,FksffEqnBRixYGR791Qw2MgdU7zNCpHVFYBL4Fa4qVuH,WSOL,USDC,609.0,75238.2699,61957
389129965,humidifi,FksffEqnBRixYGR791Qw2MgdU7zNCpHVFYBL4Fa4qVuH,WSOL,USDC,611.0,75485.336869,61957
389129965,humidifi,FksffEqnBRixYGR791Qw2MgdU7zNCpHVFYBL4Fa4qVuH,WSOL,USDC,613.0,75732.403769,61880
389129965,humidifi,FksffEqnBRixYGR791Qw2MgdU7zNCpHVFYBL4Fa4qVuH,WSOL,USDC,615.0,75979.4706,61898
389129965,humidifi,FksffEqnBRixYGR791Qw2MgdU7zNCpHVFYBL4Fa4qVuH,WSOL,USDC,617.0,76226.537361,61919
389129965,humidifi,FksffEqnBRixYGR791Qw2MgdU7zNCpHVFYBL4Fa4qVuH,WSOL,USDC,619.0,76473.604052,61995
389129965,humidifi,FksffEqnBRixYGR791Qw2MgdU7zNCpHVFYBL4Fa4qVuH,WSOL,USDC,621.0,76720.670674,61932
389129965,humidifi,FksffEqnBRixYGR791Qw2MgdU7zNCpHVFYBL4Fa4qVuH,WSOL,USDC,623.0,76967.737226,61939
389129965,humidifi,FksffEqnBRixYGR791Qw2MgdU7zNCpHVFYBL4Fa4qVuH,WSOL,USDC,625.0,77214.803707,61937
389129965,humidifi,FksffEqnBRixYGR791Qw2MgdU7zNCpHVFYBL4Fa4qVuH,WSOL,USDC,627.0,77461.870119,61920
389129965,humidifi,FksffEqnBRixYGR791Qw2MgdU7zNCpHVFYBL4Fa4qVuH,WSOL,USDC,629.0,77708.93646,61909
389129965,humidifi,FksffEqnBRixYGR791Qw2MgdU7zNCpHVFYBL4Fa4qVuH,WSOL,USDC,631.0,77956.00273,61927
389129965,humidifi,FksffEqnBRixYGR791Qw2MgdU7zNCpHVFYBL4Fa4qVuH,WSOL,USDC,633.0,78203.06893,61925
389129965,humidifi,FksffEqnBRixYGR791Qw2MgdU7zNCpHVFYBL4Fa4qVuH,WSOL,USDC,635.0,78450.13506,61918
389129965,humidifi,FksffEqnBRixYGR791Qw2MgdU7zNCpHVFYBL4Fa4qVuH,WSOL,USDC,637.0,78697.201119,61925
389129965,humidifi,FksffEqnBRixYGR791Qw2MgdU7zNCpHVFYBL4Fa4qVuH,WSOL,USDC,639.0,78944.267107,61930
389129965,humidifi,FksffEqnBRixYGR791Qw2MgdU7zNCpHVFYBL4Fa4qVuH,WSOL,USDC,641.0,79191.333024,61984
389129965,humidifi,FksffEqnBRixYGR791Qw2MgdU7zNCpHVFYBL4Fa4qVuH,WSOL,USDC,643.0,79438.39887,61935
389129965,humidifi,FksffEqnBRixYGR791Qw2MgdU7zNCpHVFYBL4Fa4qVuH,WSOL,USDC,645.0,79685.464645,62000
389129965,humidifi,FksffEqnBRixYGR791Qw2MgdU7zNCpHVFYBL4Fa4qVuH,WSOL,USDC,647.0,79932.530349,61921
389129965,humidifi,FksffEqnBRixYGR791Qw2MgdU7zNCpHVFYBL4Fa4qVuH,WSOL,USDC,649.0,80179.595981,61942
389129965,humidifi,FksffEqnBRixYGR791Qw2MgdU7zNCpHVFYBL4Fa4qVuH,WSOL,USDC,651.0,80426.661543,61876
389129965,humidifi,FksffEqnBRixYGR791Qw2MgdU7zNCpHVFYBL4Fa4qVuH,WSOL,USDC,653.0,80673.727033,61915
389129965,humidifi,FksffEqnBRixYGR791Qw2MgdU7zNCpHVFYBL4Fa4qVuH,WSOL,USDC,655.0,80920.792451,61933
389129965,humidifi,FksffEqnBRixYGR791Qw2MgdU7zNCpHVFYBL4Fa4qVuH,WSOL,USDC,657.0,81167.857798,61936
389129965,humidifi,FksffEqnBRixYGR791Qw2MgdU7zNCpHVFYBL4Fa4qVuH,WSOL,USDC,659.0,81414.923074,61943
389129965,humidifi,FksffEqnBRixYGR791Qw2MgdU7zNCpHVFYBL4Fa4qVuH,WSOL,USDC,661.0,81661.988278,61922
389129965,humidifi,FksffEqnBRixYGR791Qw2MgdU7zNCpHVFYBL4Fa4qVuH,WSOL,USDC,663.0,81909.05341,62018
389129965,humidifi,FksffEqnBRixYGR791Qw2MgdU7zNCpHVFYBL4Fa4qVuH,WSOL,USDC,665.0,82156.118471,61994
389129965,humidifi,FksffEqnBRixYGR791Qw2MgdU7zNCpHVFYBL4Fa4qVuH,WSOL,USDC,667.0,82403.183459,61945
389129965,humidifi,FksffEqnBRixYGR791Qw2MgdU7zNCpHVFYBL4Fa4qVuH,WSOL,USDC,669.0,82650.248376,62021
389129965,humidifi,FksffEqnBRixYGR791Qw2MgdU7zNCpHVFYBL4Fa4qVuH,WSOL,USDC,671.0,82897.313221,61932
389129965,humidifi,FksffEqnBRixYGR791Qw2MgdU7zNCpHVFYBL4Fa4qVuH,WSOL,USDC,673.0,83144.377995,62007
389129965,humidifi,FksffEqnBRixYGR791Qw2MgdU7zNCpHVFYBL4Fa4qVuH,WSOL,USDC,675.0,83391.442696,61919
389129965,humidifi,FksffEqnBRixYGR791Qw2MgdU7zNCpHVFYBL4Fa4qVuH,WSOL,USDC,677.0,83638.507325,61944
389129965,humidifi,FksffEqnBRixYGR791Qw2MgdU7zNCpHVFYBL4Fa4qVuH,WSOL,USDC,679.0,83885.571883,61945
389129965,humidifi,FksffEqnBRixYGR791Qw2MgdU7zNCpHVFYBL4Fa4qVuH,WSOL,USDC,681.0,84132.636368,61935
389129965,humidifi,FksffEqnBRixYGR791Qw2MgdU7zNCpHVFYBL4Fa4qVuH,WSOL,USDC,683.0,84379.700781,61953
389129965,humidifi,FksffEqnBRixYGR791Qw2MgdU7zNCpHVFYBL4Fa4qVuH,WSOL,USDC,685.0,84626.765122,62005
389129965,humidifi,FksffEqnBRixYGR791Qw2MgdU7zNCpHVFYBL4Fa4qVuH,WSOL,USDC,687.0,84873.829391,61992
389129965,humidifi,FksffEqnBRixYGR791Qw2MgdU7zNCpHVFYBL4Fa4qVuH,WSOL,USDC,689.0,85120.893588,61940
389129965,humidifi,FksffEqnBRixYGR791Qw2MgdU7zNCpHVFYBL4Fa4qVuH,WSOL,USDC,691.0,85367.957713,62025
389129965,humidifi,FksffEqnBRixYGR791Qw2MgdU7zNCpHVFYBL4Fa4qVuH,WSOL,USDC,693.0,85615.021765,61920
389129965,humidifi,FksffEqnBRixYGR791Qw2MgdU7zNCpHVFYBL4Fa4qVuH,WSOL,USDC,695.0,85862.085745,61942
389129965,humidifi,FksffEqnBRixYGR791Qw2MgdU7zNCpHVFYBL4Fa4qVuH,WSOL,USDC,697.0,86109.149653,61950
389129965,humidifi,FksffEqnBRixYGR791Qw2MgdU7zNCpHVFYBL4Fa4qVuH,WSOL,USDC,699.0,86356.213489,61922
389129965,humidifi,FksffEqnBRixYGR791Qw2MgdU7zNCpHVFYBL4Fa4qVuH,WSOL,USDC,701.0,86603.277252,61938
389129965,humidifi,FksffEqnBRixYGR791Qw2MgdU7zNCpHVFYBL4Fa4qVuH,WSOL,USDC,703.0,86850.340943,61961
389129965,humidifi,FksffEqnBRixYGR791Qw2MgdU7zNCpHVFYBL4Fa4qVuH,WSOL,USDC,705.0,87097.404562,61946
389129965,humidifi,FksffEqnBRixYGR791Qw2MgdU7zNCpHVFYBL4Fa4qVuH,WSOL,USDC,707.0,87344.468109,62018
389129965,humidifi,FksffEqnBRixYGR791Qw2MgdU7zNCpHVFYBL4Fa4qVuH,WSOL,USDC,709.0,87591.531583,61915
389129965,humidifi,FksffEqnBRixYGR791Qw2MgdU7zNCpHVFYBL4Fa4qVuH,WSOL,USDC,711.0,87838.594985,61932
389129965,humidifi,FksffEqnBRixYGR791Qw2MgdU7zNCpHVFYBL4Fa4qVuH,WSOL,USDC,713.0,88085.658314,61921
389129965,humidifi,FksffEqnBRixYGR791Qw2MgdU7zNCpHVFYBL4Fa4qVuH,WSOL,USDC,715.0,88332.721571,61934
389129965,humidifi,FksffEqnBRixYGR791Qw2MgdU7zNCpHVFYBL4Fa4qVuH,WSOL,USDC,717.0,88579.784756,61937
389129965,humidifi,FksffEqnBRixYGR791Qw2MgdU7zNCpHVFYBL4Fa4qVuH,WSOL,USDC,719.0,88826.847868,61928
389129965,humidifi,FksffEqnBRixYGR791Qw2MgdU7zNCpHVFYBL4Fa4qVuH,WSOL,USDC,721.0,89073.910908,61934
389129965,humidifi,FksffEqnBRixYGR791Qw2MgdU7zNCpHVFYBL4Fa4qVuH,WSOL,USDC,723.0,89320.973876,61875
389129965,humidifi,FksffEqnBRixYGR791Qw2MgdU7zNCpHVFYBL4Fa4qVuH,WSOL,USDC,725.0,89568.036771,62020
389129965,humidifi,FksffEqnBRixYGR791Qw2MgdU7zNCpHVFYBL4Fa4qVuH,WSOL,USDC,727.0,89815.099594,62014
389129965,humidifi,FksffEqnBRixYGR791Qw2MgdU7zNCpHVFYBL4Fa4qVuH,WSOL,USDC,729.0,90062.162344,61923
389129965,humidifi,FksffEqnBRixYGR791Qw2MgdU7zNCpHVFYBL4Fa4qVuH,WSOL,USDC,731.0,90309.225023,61940
389129965,humidifi,FksffEqnBRixYGR791Qw2MgdU7zNCpHVFYBL4Fa4qVuH,WSOL,USDC,733.0,90556.287628,61919
389129965,humidifi,FksffEqnBRixYGR791Qw2MgdU7zNCpHVFYBL4Fa4qVuH,WSOL,USDC,735.0,90803.350162,61927
389129965,humidifi,FksffEqnBRixYGR791Qw2MgdU7zNCpHVFYBL4Fa4qVuH,WSOL,USDC,737.0,91050.412623,61951
389129965,humidifi,FksffEqnBRixYGR791Qw2MgdU7zNCpHVFYBL4Fa4qVuH,WSOL,USDC,739.0,91297.475011,61959
389129965,humidifi,FksffEqnBRixYGR791Qw2MgdU7zNCpHVFYBL4Fa4qVuH,WSOL,USDC,741.0,91544.537328,61940
389129965,humidifi,FksffEqnBRixYGR791Qw2MgdU7zNCpHVFYBL4Fa4qVuH,WSOL,USDC,743.0,91791.599572,61957
389129965,humidifi,FksffEqnBRixYGR791Qw2MgdU7zNCpHVFYBL4Fa4qVuH,WSOL,USDC,745.0,92038.661743,61999
389129965,humidifi,FksffEqnBRixYGR791Qw2MgdU7zNCpHVFYBL4Fa4qVuH,WSOL,USDC,747.0,92285.723843,61944
389129965,humidifi,FksffEqnBRixYGR791Qw2MgdU7zNCpHVFYBL4Fa4qVuH,WSOL,USDC,749.0,92532.78587,61949
389129965,humidifi,FksffEqnBRixYGR791Qw2MgdU7zNCpHVFYBL4Fa4qVuH,WSOL,USDC,751.0,92779.847825,61949
389129965,humidifi,FksffEqnBRixYGR791Qw2MgdU7zNCpHVFYBL4Fa4qVuH,WSOL,USDC,753.0,93026.909707,62009
389129965,humidifi,FksffEqnBRixYGR791Qw2MgdU7zNCpHVFYBL4Fa4qVuH,WSOL,USDC,755.0,93273.971517,61921
389129965,humidifi,FksffEqnBRixYGR791Qw2MgdU7zNCpHVFYBL4Fa4qVuH,WSOL,USDC,757.0,93521.033255,61974
389129965,humidifi,FksffEqnBRixYGR791Qw2MgdU7zNCpHVFYBL4Fa4qVuH,WSOL,USDC,759.0,93768.094921,62021
389129965,humidifi,FksffEqnBRixYGR791Qw2MgdU7zNCpHVFYBL4Fa4qVuH,WSOL,USDC,761.0,94015.156514,61943
389129965,humidifi,FksffEqnBRixYGR791Qw2MgdU7zNCpHVFYBL4Fa4qVuH,WSOL,USDC,763.0,94262.218036,61910
389129965,humidifi,FksffEqnBRixYGR791Qw2MgdU7zNCpHVFYBL4Fa4qVuH,WSOL,USDC,765.0,94509.279485,61902
389129965,humidifi,FksffEqnBRixYGR791Qw2MgdU7zNCpHVFYBL4Fa4qVuH,WSOL,USDC,767.0,94756.340861,61945
389129965,humidifi,FksffEqnBRixYGR791Qw2MgdU7zNCpHVFYBL4Fa4qVuH,WSOL,USDC,769.0,95003.402166,62002
389129965,humidifi,FksffEqnBRixYGR791Qw2MgdU7zNCpHVFYBL4Fa4qVuH,WSOL,USDC,771.0,95250.463399,61930
389129965,humidifi,FksffEqnBRixYGR791Qw2MgdU7zNCpHVFYBL4Fa4qVuH,WSOL,USDC,773.0,95497.524559,61933
389129965,humidifi,FksffEqnBRixYGR791Qw2MgdU7zNCpHVFYBL4Fa4qVuH,WSOL,USDC,775.0,95744.585647,61919
389129965,humidifi,FksffEqnBRixYGR791Qw2MgdU7zNCpHVFYBL4Fa4qVuH,WSOL,USDC,777.0,95991.646663,61941
389129965,humidifi,FksffEqnBRixYGR791Qw2MgdU7zNCpHVFYBL4Fa4qVuH,WSOL,USDC,779.0,96238.707607,61953
389129965,humidifi,FksffEqnBRixYGR791Qw2MgdU7zNCpHVFYBL4Fa4qVuH,WSOL,USDC,781.0,96485.768479,61928
389129965,humidifi,FksffEqnBRixYGR791Qw2MgdU7zNCpHVFYBL4Fa4qVuH,WSOL,USDC,783.0,96732.829279,61940
389129965,humidifi,FksffEqnBRixYGR791Qw2MgdU7zNCpHVFYBL4Fa4qVuH,WSOL,USDC,785.0,96979.890007,61911
389129965,humidifi,FksffEqnBRixYGR791Qw2MgdU7zNCpHVFYBL4Fa4qVuH,WSOL,USDC,787.0,97226.950663,61923
389129965,humidifi,FksffEqnBRixYGR791Qw2MgdU7zNCpHVFYBL4Fa4qVuH,WSOL,USDC,789.0,97474.011247,61952
389129965,humidifi,FksffEqnBRixYGR791Qw2MgdU7zNCpHVFYBL4Fa4qVuH,WSOL,USDC,791.0,97721.071759,61926
389129965,humidifi,FksffEqnBRixYGR791Qw2MgdU7zNCpHVFYBL4Fa4qVuH,WSOL,USDC,793.0,97968.132199,61938
389129965,humidifi,FksffEqnBRixYGR791Qw2MgdU7zNCpHVFYBL4Fa4qVuH,WSOL,USDC,795.0,98215.192568,62015
389129965,humidifi,FksffEqnBRixYGR791Qw2MgdU7zNCpHVFYBL4Fa4qVuH,WSOL,USDC,797.0,98462.252864,62017
389129965,humidifi,FksffEqnBRixYGR791Qw2MgdU7zNCpHVFYBL4Fa4qVuH,WSOL,USDC,799.0,98709.313088,62000
389129965,humidifi,FksffEqnBRixYGR791Qw2MgdU7zNCpHVFYBL4Fa4qVuH,WSOL,USDC,801.0,98956.373241,61954
389129965,humidifi,FksffEqnBRixYGR791Qw2MgdU7zNCpHVFYBL4Fa4qVuH,WSOL,USDC,803.0,99203.433322,61878
389129965,humidifi,FksffEqnBRixYGR791Qw2MgdU7zNCpHVFYBL4Fa4qVuH,WSOL,USDC,805.0,99450.493331,61931
389129965,humidifi,FksffEqnBRixYGR791Qw2MgdU7zNCpHVFYBL4Fa4qVuH,WSOL,USDC,807.0,99697.553268,62007
389129965,humidifi,FksffEqnBRixYGR791Qw2MgdU7zNCpHVFYBL4Fa4qVuH,WSOL,USDC,809.0,99944.613134,61942
389129965,humidifi,FksffEqnBRixYGR791Qw2MgdU7zNCpHVFYBL4Fa4qVuH,WSOL,USDC,811.0,100191.672927,62012
389129965,humidifi,FksffEqnBRixYGR791Qw2MgdU7zNCpHVFYBL4Fa4qVuH,WSOL,USDC,813.0,100438.732649,61964
389129965,humidifi,FksffEqnBRixYGR791Qw2MgdU7zNCpHVFYBL4Fa4qVuH,WSOL,USDC,815.0,100685.7923,61939
389129965,humidifi,FksffEqnBRixYGR791Qw2MgdU7zNCpHVFYBL4Fa4qVuH,WSOL,USDC,817.0,100932.851879,61944
389129965,humidifi,FksffEqnBRixYGR791Qw2MgdU7zNCpHVFYBL4Fa4qVuH,WSOL,USDC,819.0,101179.911386,62020
389129965,humidifi,FksffEqnBRixYGR791Qw2MgdU7zNCpHVFYBL4Fa4qVuH,WSOL,USDC,821.0,101426.970822,61959
389129965,humidifi,FksffEqnBRixYGR791Qw2MgdU7zNCpHVFYBL4Fa4qVuH,WSOL,USDC,823.0,101674.030186,62022
389129965,humidifi,FksffEqnBRixYGR791Qw2MgdU7zNCpHVFYBL4Fa4qVuH,WSOL,USDC,825.0,101921.089478,61950
389129965,humidifi,FksffEqnBRixYGR791Qw2MgdU7zNCpHVFYBL4Fa4qVuH,WSOL,USDC,827.0,102168.1487,61928
389129965,humidifi,FksffEqnBRixYGR791Qw2MgdU7zNCpHVFYBL4Fa4qVuH,WSOL,USDC,829.0,102415.207849,61945
389129965,humidifi,FksffEqnBRixYGR791Qw2MgdU7zNCpHVFYBL4Fa4qVuH,WSOL,USDC,831.0,102662.266928,62010
389129965,humidifi,FksffEqnBRixYGR791Qw2MgdU7zNCpHVFYBL4Fa4qVuH,WSOL,USDC,833.0,102909.325934,61956
389129965,humidifi,FksffEqnBRixYGR791Qw2MgdU7zNCpHVFYBL4Fa4qVuH,WSOL,USDC,835.0,103156.38487,61963
389129965,humidifi,FksffEqnBRixYGR791Qw2MgdU7zNCpHVFYBL4Fa4qVuH,WSOL,USDC,837.0,103403.443734,61934
389129965,humidifi,FksffEqnBRixYGR791Qw2MgdU7zNCpHVFYBL4Fa4qVuH,WSOL,USDC,839.0,103650.502527,61965
389129965,humidifi,FksffEqnBRixYGR791Qw2MgdU7zNCpHVFYBL4Fa4qVuH,WSOL,USDC,841.0,103897.561248,62046
389129965,humidifi,FksffEqnBRixYGR791Qw2MgdU7zNCpHVFYBL4Fa4qVuH,WSOL,USDC,843.0,104144.619899,62040
389129965,humidifi,FksffEqnBRixYGR791Qw2MgdU7zNCpHVFYBL4Fa4qVuH,WSOL,USDC,845.0,104391.678478,62033
389129965,humidifi,FksffEqnBRixYGR791Qw2MgdU7zNCpHVFYBL4Fa4qVuH,WSOL,USDC,847.0,104638.736985,61946
389129965,humidifi,FksffEqnBRixYGR791Qw2MgdU7zNCpHVFYBL4Fa4qVuH,WSOL,USDC,849.0,104885.795422,61947
389129965,humidifi,FksffEqnBRixYGR791Qw2MgdU7zNCpHVFYBL4Fa4qVuH,WSOL,USDC,851.0,105132.853788,61931
389129965,humidifi,FksffEqnBRixYGR791Qw2MgdU7zNCpHVFYBL4Fa4qVuH,WSOL,USDC,853.0,105379.912082,62001
389129965,humidifi,FksffEqnBRixYGR791Qw2MgdU7zNCpHVFYBL4Fa4qVuH,WSOL,USDC,855.0,105626.970306,62013
389129965,humidifi,FksffEqnBRixYGR791Qw2MgdU7zNCpHVFYBL4Fa4qVuH,WSOL,USDC,857.0,105874.028458,62040
389129965,humidifi,FksffEqnBRixYGR791Qw2MgdU7zNCpHVFYBL4Fa4qVuH,WSOL,USDC,859.0,106121.086539,61940
389129965,humidifi,FksffEqnBRixYGR791Qw2MgdU7zNCpHVFYBL4Fa4qVuH,WSOL,USDC,861.0,106368.14455,61947
389129965,humidifi,FksffEqnBRixYGR791Qw2MgdU7zNCpHVFYBL4Fa4qVuH,WSOL,USDC,863.0,106615.202489,62013
389129965,humidifi,FksffEqnBRixYGR791Qw2MgdU7zNCpHVFYBL4Fa4qVuH,WSOL,USDC,865.0,106862.260358,61961
389129965,humidifi,FksffEqnBRixYGR791Qw2MgdU7zNCpHVFYBL4Fa4qVuH,WSOL,USDC,867.0,107109.318155,61964
389129965,humidifi,FksffEqnBRixYGR791Qw2MgdU7zNCpHVFYBL4Fa4qVuH,WSOL,USDC,869.0,107356.375882,61936
389129965,humidifi,FksffEqnBRixYGR791Qw2MgdU7zNCpHVFYBL4Fa4qVuH,WSOL,USDC,871.0,107603.433538,61966
389129965,humidifi,FksffEqnBRixYGR791Qw2MgdU7zNCpHVFYBL4Fa4qVuH,WSOL,USDC,873.0,107850.491124,62034
389129965,humidifi,FksffEqnBRixYGR791Qw2MgdU7zNCpHVFYBL4Fa4qVuH,WSOL,USDC,875.0,108097.548638,61959
389129965,humidifi,FksffEqnBRixYGR791Qw2MgdU7zNCpHVFYBL4Fa4qVuH,WSOL,USDC,877.0,108344.606082,61928
389129965,humidifi,FksffEqnBRixYGR791Qw2MgdU7zNCpHVFYBL4Fa4qVuH,WSOL,USDC,879.0,108591.663455,61949
389129965,humidifi,FksffEqnBRixYGR791Qw2MgdU7zNCpHVFYBL4Fa4qVuH,WSOL,USDC,881.0,108838.720757,61929
389129965,humidifi,FksffEqnBRixYGR791Qw2MgdU7zNCpHVFYBL4Fa4qVuH,WSOL,USDC,883.0,109085.777989,61958
389129965,humidifi,FksffEqnBRixYGR791Qw2MgdU7zNCpHVFYBL4Fa4qVuH,WSOL,USDC,885.0,109332.835151,61951
389129965,humidifi,FksffEqnBRixYGR791Qw2MgdU7zNCpHVFYBL4Fa4qVuH,WSOL,USDC,887.0,109579.892241,61960
389129965,humidifi,FksffEqnBRixYGR791Qw2MgdU7zNCpHVFYBL4Fa4qVuH,WSOL,USDC,889.0,109826.949262,61969
389129965,humidifi,FksffEqnBRixYGR791Qw2MgdU7zNCpHVFYBL4Fa4qVuH,WSOL,USDC,891.0,110074.006211,61895
389129965,humidifi,FksffEqnBRixYGR791Qw2MgdU7zNCpHVFYBL4Fa4qVuH,WSOL,USDC,893.0,110321.063091,61953
389129965,humidifi,FksffEqnBRixYGR791Qw2MgdU7zNCpHVFYBL4Fa4qVuH,WSOL,USDC,895.0,110568.1199,61945
389129965,humidifi,FksffEqnBRixYGR791Qw2MgdU7zNCpHVFYBL4Fa4qVuH,WSOL,USDC,897.0,110815.176638,61925
389129965,humidifi,FksffEqnBRixYGR791Qw2MgdU7zNCpHVFYBL4Fa4qVuH,WSOL,USDC,899.0,111062.233306,61945
389129965,humidifi,FksffEqnBRixYGR791Qw2MgdU7zNCpHVFYBL4Fa4qVuH,WSOL,USDC,901.0,111309.289904,61940
389129965,humidifi,FksffEqnBRixYGR791Qw2MgdU7zNCpHVFYBL4Fa4qVuH,WSOL,USDC,903.0,111556.346432,62020
389129965,humidifi,FksffEqnBRixYGR791Qw2MgdU7zNCpHVFYBL4Fa4qVuH,WSOL,USDC,905.0,111803.402889,61980
389129965,humidifi,FksffEqnBRixYGR791Qw2MgdU7zNCpHVFYBL4Fa4qVuH,WSOL,USDC,907.0,112050.459276,61938
389129965,humidifi,FksffEqnBRixYGR791Qw2MgdU7zNCpHVFYBL4Fa4qVuH,WSOL,USDC,909.0,112297.515593,61936
389129965,humidifi,FksffEqnBRixYGR791Qw2MgdU7zNCpHVFYBL4Fa4qVuH,WSOL,USDC,911.0,112544.57184,62023
389129965,humidifi,FksffEqnBRixYGR791Qw2MgdU7zNCpHVFYBL4Fa4qVuH,WSOL,USDC,913.0,112791.628017,61935
389129965,humidifi,FksffEqnBRixYGR791Qw2MgdU7zNCpHVFYBL4Fa4qVuH,WSOL,USDC,915.0,113038.684124,61946
389129965,humidifi,FksffEqnBRixYGR791Qw2MgdU7zNCpHVFYBL4Fa4qVuH,WSOL,USDC,917.0,113285.74016,61967
389129965,humidifi,FksffEqnBRixYGR791Qw2MgdU7zNCpHVFYBL4Fa4qVuH,WSOL,USDC,919.0,113532.796127,61947
389129965,humidifi,FksffEqnBRixYGR791Qw2MgdU7zNCpHVFYBL4Fa4qVuH,WSOL,USDC,921.0,113779.852024,61968
389129965,humidifi,FksffEqnBRixYGR791Qw2MgdU7zNCpHVFYBL4Fa4qVuH,WSOL,USDC,923.0,114026.90785,62040
389129965,humidifi,FksffEqnBRixYGR791Qw2MgdU7zNCpHVFYBL4Fa4qVuH,WSOL,USDC,925.0,114273.963607,61963
389129965,humidifi,FksffEqnBRixYGR791Qw2MgdU7zNCpHVFYBL4Fa4qVuH,WSOL,USDC,927.0,114521.019294,61958
389129965,humidifi,FksffEqnBRixYGR791Qw2MgdU7zNCpHVFYBL4Fa4qVuH,WSOL,USDC,929.0,114768.074912,62061
389129965,humidifi,FksffEqnBRixYGR791Qw2MgdU7zNCpHVFYBL4Fa4qVuH,WSOL,USDC,931.0,115015.130459,62038
389129965,humidifi,FksffEqnBRixYGR791Qw2MgdU7zNCpHVFYBL4Fa4qVuH,WSOL,USDC,933.0,115262.185937,61951
389129965,humidifi,FksffEqnBRixYGR791Qw2MgdU7zNCpHVFYBL4Fa4qVuH,WSOL,USDC,935.0,115509.241345,61982
389129965,humidifi,FksffEqnBRixYGR791Qw2MgdU7zNCpHVFYBL4Fa4qVuH,WSOL,USDC,937.0,115756.296683,62028
389129965,humidifi,FksffEqnBRixYGR791Qw2MgdU7zNCpHVFYBL4Fa4qVuH,WSOL,USDC,939.0,116003.351952,62014
389129965,humidifi,FksffEqnBRixYGR791Qw2MgdU7zNCpHVFYBL4Fa4qVuH,WSOL,USDC,941.0,116250.407151,61957
389129965,humidifi,FksffEqnBRixYGR791Qw2MgdU7zNCpHVFYBL4Fa4qVuH,WSOL,USDC,943.0,116497.46228,61953
389129965,humidifi,FksffEqnBRixYGR791Qw2MgdU7zNCpHVFYBL4Fa4qVuH,WSOL,USDC,945.0,116744.51734,61942
389129965,humidifi,FksffEqnBRixYGR791Qw2MgdU7zNCpHVFYBL4Fa4qVuH,WSOL,USDC,947.0,116991.57233,62032
389129965,humidifi,FksffEqnBRixYGR791Qw2MgdU7zNCpHVFYBL4Fa4qVuH,WSOL,USDC,949.0,117238.627251,61938
389129965,humidifi,FksffEqnBRixYGR791Qw2MgdU7zNCpHVFYBL4Fa4qVuH,WSOL,USDC,951.0,117485.682103,61933
389129965,humidifi,FksffEqnBRixYGR791Qw2MgdU7zNCpHVFYBL4Fa4qVuH,WSOL,USDC,953.0,117732.736885,62017
389129965,humidifi,FksffEqnBRixYGR791Qw2MgdU7zNCpHVFYBL4Fa4qVuH,WSOL,USDC,955.0,117979.791598,62005
389129965,humidifi,FksffEqnBRixYGR791Qw2MgdU7zNCpHVFYBL4Fa4qVuH,WSOL,USDC,957.0,118226.846241,61952
389129965,humidifi,FksffEqnBRixYGR791Qw2MgdU7zNCpHVFYBL4Fa4qVuH,WSOL,USDC,959.0,118473.900815,61968
389129965,humidifi,FksffEqnBRixYGR791Qw2MgdU7zNCpHVFYBL4Fa4qVuH,WSOL,USDC,961.0,118720.95532,61952
389129965,humidifi,FksffEqnBRixYGR791Qw2MgdU7zNCpHVFYBL4Fa4qVuH,WSOL,USDC,963.0,118968.009755,61941
389129965,humidifi,FksffEqnBRixYGR791Qw2MgdU7zNCpHVFYBL4Fa4qVuH,WSOL,USDC,965.0,119215.064122,61948
389129965,humidifi,FksffEqnBRixYGR791Qw2MgdU7zNCpHVFYBL4Fa4qVuH,WSOL,USDC,967.0,119462.118419,61941
389129965,humidifi,FksffEqnBRixYGR791Qw2MgdU7zNCpHVFYBL4Fa4qVuH,WSOL,USDC,969.0,119709.172647,61942
389129965,humidifi,FksffEqnBRixYGR791Qw2MgdU7zNCpHVFYBL4Fa4qVuH,WSOL,USDC,971.0,119956.226806,61933
389129965,humidifi,FksffEqnBRixYGR791Qw2MgdU7zNCpHVFYBL4Fa4qVuH,WSOL,USDC,973.0,120203.280896,61971
389129965,humidifi,FksffEqnBRixYGR791Qw2MgdU7zNCpHVFYBL4Fa4qVuH,WSOL,USDC,975.0,120450.334917,61922
389129965,humidifi,FksffEqnBRixYGR791Qw2MgdU7zNCpHVFYBL4Fa4qVuH,WSOL,USDC,977.0,120697.388869,62028
389129965,humidifi,FksffEqnBRixYGR791Qw2MgdU7zNCpHVFYBL4Fa4qVuH,WSOL,USDC,979.0,120944.442752,61951
389129965,humidifi,FksffEqnBRixYGR791Qw2MgdU7zNCpHVFYBL4Fa4qVuH,WSOL,USDC,981.0,121191.496567,61944
389129965,humidifi,FksffEqnBRixYGR791Qw2MgdU7zNCpHVFYBL4Fa4qVuH,WSOL,USDC,983.0,121438.550312,61957
389129965,humidifi,FksffEqnBRixYGR791Qw2MgdU7zNCpHVFYBL4Fa4qVuH,WSOL,USDC,985.0,121685.603988,62027
389129965,humidifi,FksffEqnBRixYGR791Qw2MgdU7zNCpHVFYBL4Fa4qVuH,WSOL,USDC,987.0,121932.657596,61960
389129965,humidifi,FksffEqnBRixYGR791Qw2MgdU7zNCpHVFYBL4Fa4qVuH,WSOL,USDC,989.0,122179.711135,61942
389129965,humidifi,FksffEqnBRixYGR791Qw2MgdU7zNCpHVFYBL4Fa4qVuH,WSOL,USDC,991.0,122426.764605,61928
389129965,humidifi,FksffEqnBRixYGR791Qw2MgdU7zNCpHVFYBL4Fa4qVuH,WSOL,USDC,993.0,122673.818006,61940
389129965,humidifi,FksffEqnBRixYGR791Qw2MgdU7zNCpHVFYBL4Fa4qVuH,WSOL,USDC,995.0,122920.871339,61941
389129965,humidifi,FksffEqnBRixYGR791Qw2MgdU7zNCpHVFYBL4Fa4qVuH,WSOL,USDC,997.0,123167.924603,61963
389129965,humidifi,FksffEqnBRixYGR791Qw2MgdU7zNCpHVFYBL4Fa4qVuH,WSOL,USDC,999.0,123414.977799,61954
389129965,humidifi,FksffEqnBRixYGR791Qw2MgdU7zNCpHVFYBL4Fa4qVuH,WSOL,USDC,1001.0,123662.030926,61984
389129965,humidifi,FksffEqnBRixYGR791Qw2MgdU7zNCpHVFYBL4Fa4qVuH,WSOL,USDC,1003.0,123909.083984,62088
389129965,humidifi,FksffEqnBRixYGR791Qw2MgdU7zNCpHVFYBL4Fa4qVuH,WSOL,USDC,1005.0,124156.136974,62003
389129965,humidifi,FksffEqnBRixYGR791Qw2MgdU7zNCpHVFYBL4Fa4qVuH,WSOL,USDC,1007.0,124403.189896,62011
389129965,humidifi,FksffEqnBRixYGR791Qw2MgdU7zNCpHVFYBL4Fa4qVuH,WSOL,USDC,1009.0,124650.242749,62013
389129965,humidifi,FksffEqnBRixYGR791Qw2MgdU7zNCpHVFYBL4Fa4qVuH,WSOL,USDC,1011.0,124897.295534,62011
389129965,humidifi,FksffEqnBRixYGR791Qw2MgdU7zNCpHVFYBL4Fa4qVuH,WSOL,USDC,1013.0,125144.34825,61993
389129965,humidifi,FksffEqnBRixYGR791Qw2MgdU7zNCpHVFYBL4Fa4qVuH,WSOL,USDC,1015.0,125391.400898,62065
389129965,humidifi,FksffEqnBRixYGR791Qw2MgdU7zNCpHVFYBL4Fa4qVuH,WSOL,USDC,1017.0,125638.453478,62018
389129965,humidifi,FksffEqnBRixYGR791Qw2MgdU7zNCpHVFYBL4Fa4qVuH,WSOL,USDC,1019.0,125885.50599,62007
389129965,humidifi,FksffEqnBRixYGR791Qw2MgdU7zNCpHVFYBL4Fa4qVuH,WSOL,USDC,1021.0,126132.558433,62003
389129965,humidifi,FksffEqnBRixYGR791Qw2MgdU7zNCpHVFYBL4Fa4qVuH,WSOL,USDC,1023.0,126379.610808,62023
389129965,humidifi,FksffEqnBRixYGR791Qw2MgdU7zNCpHVFYBL4Fa4qVuH,WSOL,USDC,1025.0,126626.663115,62010
389129965,humidifi,FksffEqnBRixYGR791Qw2MgdU7zNCpHVFYBL4Fa4qVuH,WSOL,USDC,1027.0,126873.715354,62000
389129965,humidifi,FksffEqnBRixYGR791Qw2MgdU7zNCpHVFYBL4Fa4qVuH,WSOL,USDC,1029.0,127120.767525,62003
389129965,humidifi,FksffEqnBRixYGR791Qw2MgdU7zNCpHVFYBL4Fa4qVuH,WSOL,USDC,1031.0,127367.819628,62085
389129965,humidifi,FksffEqnBRixYGR791Qw2MgdU7zNCpHVFYBL4Fa4qVuH,WSOL,USDC,1033.0,127614.871663,62009
389129965,humidifi,FksffEqnBRixYGR791Qw2MgdU7zNCpHVFYBL4Fa4qVuH,WSOL,USDC,1035.0,127861.92363,62016
389129965,humidifi,FksffEqnBRixYGR791Qw2MgdU7zNCpHVFYBL4Fa4qVuH,WSOL,USDC,1037.0,128108.975529,62002
389129965,humidifi,FksffEqnBRixYGR791Qw2MgdU7zNCpHVFYBL4Fa4qVuH,WSOL,USDC,1039.0,128356.02736,61996
389129965,humidifi,FksffEqnBRixYGR791Qw2MgdU7zNCpHVFYBL4Fa4qVuH,WSOL,USDC,1041.0,128603.079123,61983
389129965,humidifi,FksffEqnBRixYGR791Qw2MgdU7zNCpHVFYBL4Fa4qVuH,WSOL,USDC,1043.0,128850.130818,62057
389129965,humidifi,FksffEqnBRixYGR791Qw2MgdU7zNCpHVFYBL4Fa4qVuH,WSOL,USDC,1045.0,129097.182446,62078
389129965,humidifi,FksffEqnBRixYGR791Qw2MgdU7zNCpHVFYBL4Fa4qVuH,WSOL,USDC,1047.0,129344.234006,61985
389129965,humidifi,FksffEqnBRixYGR791Qw2MgdU7zNCpHVFYBL4Fa4qVuH,WSOL,USDC,1049.0,129591.285498,62012
389129965,humidifi,FksffEqnBRixYGR791Qw2MgdU7zNCpHVFYBL4Fa4qVuH,WSOL,USDC,1051.0,129838.336922,62017
389129965,humidifi,FksffEqnBRixYGR791Qw2MgdU7zNCpHVFYBL4Fa4qVuH,WSOL,USDC,1053.0,130085.388279,61984
389129965,humidifi,FksffEqnBRixYGR791Qw2MgdU7zNCpHVFYBL4Fa4qVuH,WSOL,USDC,1055.0,130332.439568,61989
389129965,humidifi,FksffEqnBRixYGR791Qw2MgdU7zNCpHVFYBL4Fa4qVuH,WSOL,USDC,1057.0,130579.49079,62007
389129965,humidifi,FksffEqnBRixYGR791Qw2MgdU7zNCpHVFYBL4Fa4qVuH,WSOL,USDC,1059.0,130826.541944,62056
389129965,humidifi,FksffEqnBRixYGR791Qw2MgdU7zNCpHVFYBL4Fa4qVuH,WSOL,USDC,1061.0,131073.59303,61988
389129965,humidifi,FksffEqnBRixYGR791Qw2MgdU7zNCpHVFYBL4Fa4qVuH,WSOL,USDC,1063.0,131320.644049,62015
389129965,humidifi,FksffEqnBRixYGR791Qw2MgdU7zNCpHVFYBL4Fa4qVuH,WSOL,USDC,1065.0,131567.695001,62070
389129965,humidifi,FksffEqnBRixYGR791Qw2MgdU7zNCpHVFYBL4Fa4qVuH,WSOL,USDC,1067.0,131814.745885,61988
389129965,humidifi,FksffEqnBRixYGR791Qw2MgdU7zNCpHVFYBL4Fa4qVuH,WSOL,USDC,1069.0,132061.796702,62010
389129965,humidifi,FksffEqnBRixYGR791Qw2MgdU7zNCpHVFYBL4Fa4qVuH,WSOL,USDC,1071.0,132308.847451,61984
389129965,humidifi,FksffEqnBRixYGR791Qw2MgdU7zNCpHVFYBL4Fa4qVuH,WSOL,USDC,1073.0,132555.898133,61981
389129965,humidifi,FksffEqnBRixYGR791Qw2MgdU7zNCpHVFYBL4Fa4qVuH,WSOL,USDC,1075.0,132802.948748,62003
389129965,humidifi,FksffEqnBRixYGR791Qw2MgdU7zNCpHVFYBL4Fa4qVuH,WSOL,USDC,1077.0,133049.999295,62083
389129965,humidifi,FksffEqnBRixYGR791Qw2MgdU7zNCpHVFYBL4Fa4qVuH,WSOL,USDC,1079.0,133297.049776,61979
389129965,humidifi,FksffEqnBRixYGR791Qw2MgdU7zNCpHVFYBL4Fa4qVuH,WSOL,USDC,1081.0,133544.100189,61998
389129965,humidifi,FksffEqnBRixYGR791Qw2MgdU7zNCpHVFYBL4Fa4qVuH,WSOL,USDC,1083.0,133791.150535,62014
389129965,humidifi,FksffEqnBRixYGR791Qw2MgdU7zNCpHVFYBL4Fa4qVuH,WSOL,USDC,1085.0,134038.200814,62017
389129965,humidifi,FksffEqnBRixYGR791Qw2MgdU7zNCpHVFYBL4Fa4qVuH,WSOL,USDC,1087.0,134285.251026,61996
389129965,humidifi,FksffEqnBRixYGR791Qw2MgdU7zNCpHVFYBL4Fa4qVuH,WSOL,USDC,1089.0,134532.301171,61987
389129965,humidifi,FksffEqnBRixYGR791Qw2MgdU7zNCpHVFYBL4Fa4qVuH,WSOL,USDC,1091.0,134779.351248,61950
389129965,humidifi,FksffEqnBRixYGR791Qw2MgdU7zNCpHVFYBL4Fa4qVuH,WSOL,USDC,1093.0,135026.401259,61993
389129965,humidifi,FksffEqnBRixYGR791Qw2MgdU7zNCpHVFYBL4Fa4qVuH,WSOL,USDC,1095.0,135273.451203,62002
389129965,humidifi,FksffEqnBRixYGR791Qw2MgdU7zNCpHVFYBL4Fa4qVuH,WSOL,USDC,1097.0,135520.50108,62002
389129965,humidifi,FksffEqnBRixYGR791Qw2MgdU7zNCpHVFYBL4Fa4qVuH,WSOL,USDC,1099.0,135767.55089,61999
389129965,humidifi,FksffEqnBRixYGR791Qw2MgdU7zNCpHVFYBL4Fa4qVuH,WSOL,USDC,1101.0,136014.600633,62019
389129965,humidifi,FksffEqnBRixYGR791Qw2MgdU7zNCpHVFYBL4Fa4qVuH,WSOL,USDC,1103.0,136261.65031,62059
389129965,humidifi,FksffEqnBRixYGR791Qw2MgdU7zNCpHVFYBL4Fa4qVuH,WSOL,USDC,1105.0,136508.699919,61973
389129965,humidifi,FksffEqnBRixYGR791Qw2MgdU7zNCpHVFYBL4Fa4qVuH,WSOL,USDC,1107.0,136755.749462,62001
389129965,humidifi,FksffEqnBRixYGR791Qw2MgdU7zNCpHVFYBL4Fa4qVuH,WSOL,USDC,1109.0,137002.798938,62061
389129965,humidifi,FksffEqnBRixYGR791Qw2MgdU7zNCpHVFYBL4Fa4qVuH,WSOL,USDC,1111.0,137249.848348,62009
389129965,humidifi,FksffEqnBRixYGR791Qw2MgdU7zNCpHVFYBL4Fa4qVuH,WSOL,USDC,1113.0,137496.89769,62002
389129965,humidifi,FksffEqnBRixYGR791Qw2MgdU7zNCpHVFYBL4Fa4qVuH,WSOL,USDC,1115.0,137743.946967,62099
389129965,humidifi,FksffEqnBRixYGR791Qw2MgdU7zNCpHVFYBL4Fa4qVuH,WSOL,USDC,1117.0,137990.996176,62016
389129965,humidifi,FksffEqnBRixYGR791Qw2MgdU7zNCpHVFYBL4Fa4qVuH,WSOL,USDC,1119.0,138238.045319,62010
389129965,humidifi,FksffEqnBRixYGR791Qw2MgdU7zNCpHVFYBL4Fa4qVuH,WSOL,USDC,1121.0,138485.094396,62074
389129965,humidifi,FksffEqnBRixYGR791Qw2MgdU7zNCpHVFYBL4Fa4qVuH,WSOL,USDC,1123.0,138732.143406,62065
389129965,humidifi,FksffEqnBRixYGR791Qw2MgdU7zNCpHVFYBL4Fa4qVuH,WSOL,USDC,1125.0,138979.19235,62015
389129965,humidifi,FksffEqnBRixYGR791Qw2MgdU7zNCpHVFYBL4Fa4qVuH,WSOL,USDC,1127.0,139226.241227,62067
389129965,humidifi,FksffEqnBRixYGR791Qw2MgdU7zNCpHVFYBL4Fa4qVuH,WSOL,USDC,1129.0,139473.290038,62008
389129965,humidifi,FksffEqnBRixYGR791Qw2MgdU7zNCpHVFYBL4Fa4qVuH,WSOL,USDC,1131.0,139720.338782,62012
389129965,humidifi,FksffEqnBRixYGR791Qw2MgdU7zNCpHVFYBL4Fa4qVuH,WSOL,USDC,1133.0,139967.38746,61992
389129965,humidifi,FksffEqnBRixYGR791Qw2MgdU7zNCpHVFYBL4Fa4qVuH,WSOL,USDC,1135.0,140214.436072,62005
389129965,humidifi,FksffEqnBRixYGR791Qw2MgdU7zNCpHVFYBL4Fa4qVuH,WSOL,USDC,1137.0,140461.484618,62007
389129965,humidifi,FksffEqnBRixYGR791Qw2MgdU7zNCpHVFYBL4Fa4qVuH,WSOL,USDC,1139.0,140708.533097,62035
389129965,humidifi,FksffEqnBRixYGR791Qw2MgdU7zNCpHVFYBL4Fa4qVuH,WSOL,USDC,1141.0,140955.581511,62009
389129965,humidifi,FksffEqnBRixYGR791Qw2MgdU7zNCpHVFYBL4Fa4qVuH,WSOL,USDC,1143.0,141202.629858,62004
389129965,humidifi,FksffEqnBRixYGR791Qw2MgdU7zNCpHVFYBL4Fa4qVuH,WSOL,USDC,1145.0,141449.678138,62032
389129965,humidifi,FksffEqnBRixYGR791Qw2MgdU7zNCpHVFYBL4Fa4qVuH,WSOL,USDC,1147.0,141696.726353,61978
389129965,humidifi,FksffEqnBRixYGR791Qw2MgdU7zNCpHVFYBL4Fa4qVuH,WSOL,USDC,1149.0,141943.774502,61985
389129965,humidifi,FksffEqnBRixYGR791Qw2MgdU7zNCpHVFYBL4Fa4qVuH,WSOL,USDC,1151.0,142190.822585,62060
389129965,humidifi,FksffEqnBRixYGR791Qw2MgdU7zNCpHVFYBL4Fa4qVuH,WSOL,USDC,1153.0,142437.870602,62019
389129965,humidifi,FksffEqnBRixYGR791Qw2MgdU7zNCpHVFYBL4Fa4qVuH,WSOL,USDC,1155.0,142684.918552,61969
389129965,humidifi,FksffEqnBRixYGR791Qw2MgdU7zNCpHVFYBL4Fa4qVuH,WSOL,USDC,1157.0,142931.966437,62060
389129965,humidifi,FksffEqnBRixYGR791Qw2MgdU7zNCpHVFYBL4Fa4qVuH,WSOL,USDC,1159.0,143179.014256,61999
389129965,humidifi,FksffEqnBRixYGR791Qw2MgdU7zNCpHVFYBL4Fa4qVuH,WSOL,USDC,1161.0,143426.062009,61999
389129965,humidifi,FksffEqnBRixYGR791Qw2MgdU7zNCpHVFYBL4Fa4qVuH,WSOL,USDC,1163.0,143673.109696,61988
389129965,humidifi,FksffEqnBRixYGR791Qw2MgdU7zNCpHVFYBL4Fa4qVuH,WSOL,USDC,1165.0,143920.157318,61989
389129965,humidifi,FksffEqnBRixYGR791Qw2MgdU7zNCpHVFYBL4Fa4qVuH,WSOL,USDC,1167.0,144167.204873,62078
389129965,humidifi,FksffEqnBRixYGR791Qw2MgdU7zNCpHVFYBL4Fa4qVuH,WSOL,USDC,1169.0,144414.252363,62049
389129965,humidifi,FksffEqnBRixYGR791Qw2MgdU7zNCpHVFYBL4Fa4qVuH,WSOL,USDC,1171.0,144661.299787,61990
389129965,humidifi,FksffEqnBRixYGR791Qw2MgdU7zNCpHVFYBL4Fa4qVuH,WSOL,USDC,1173.0,144908.347146,61980
389129965,humidifi,FksffEqnBRixYGR791Qw2MgdU7zNCpHVFYBL4Fa4qVuH,WSOL,USDC,1175.0,145155.394439,62070
389129965,humidifi,FksffEqnBRixYGR791Qw2MgdU7zNCpHVFYBL4Fa4qVuH,WSOL,USDC,1177.0,145402.441666,61996
389129965,humidifi,FksffEqnBRixYGR791Qw2MgdU7zNCpHVFYBL4Fa4qVuH,WSOL,USDC,1179.0,145649.488827,62006
389129965,humidifi,FksffEqnBRixYGR791Qw2MgdU7zNCpHVFYBL4Fa4qVuH,WSOL,USDC,1181.0,145896.535924,61984
389129965,humidifi,FksffEqnBRixYGR791Qw2MgdU7zNCpHVFYBL4Fa4qVuH,WSOL,USDC,1183.0,146143.582954,61996
389129965,humidifi,FksffEqnBRixYGR791Qw2MgdU7zNCpHVFYBL4Fa4qVuH,WSOL,USDC,1185.0,146390.629919,62084
389129965,humidifi,FksffEqnBRixYGR791Qw2MgdU7zNCpHVFYBL4Fa4qVuH,WSOL,USDC,1187.0,146637.676819,61992
389129965,humidifi,FksffEqnBRixYGR791Qw2MgdU7zNCpHVFYBL4Fa4qVuH,WSOL,USDC,1189.0,146884.723653,61992
389129965,humidifi,FksffEqnBRixYGR791Qw2MgdU7zNCpHVFYBL4Fa4qVuH,WSOL,USDC,1191.0,147131.770422,62000
389129965,humidifi,FksffEqnBRixYGR791Qw2MgdU7zNCpHVFYBL4Fa4qVuH,WSOL,USDC,1193.0,147378.817125,62011
389129965,humidifi,FksffEqnBRixYGR791Qw2MgdU7zNCpHVFYBL4Fa4qVuH,WSOL,USDC,1195.0,147625.863763,62021
389129965,humidifi,FksffEqnBRixYGR791Qw2MgdU7zNCpHVFYBL4Fa4qVuH,WSOL,USDC,1197.0,147872.910336,62010
389129965,humidifi,FksffEqnBRixYGR791Qw2MgdU7zNCpHVFYBL4Fa4qVuH,WSOL,USDC,1199.0,148119.956843,62007
389129965,humidifi,FksffEqnBRixYGR791Qw2MgdU7zNCpHVFYBL4Fa4qVuH,WSOL,USDC,1201.0,148367.003285,62008
389129965,humidifi,FksffEqnBRixYGR791Qw2MgdU7zNCpHVFYBL4Fa4qVuH,WSOL,USDC,1203.0,148614.049662,61943
389129965,humidifi,FksffEqnBRixYGR791Qw2MgdU7zNCpHVFYBL4Fa4qVuH,WSOL,USDC,1205.0,148861.095974,61980
389129965,humidifi,FksffEqnBRixYGR791Qw2MgdU7zNCpHVFYBL4Fa4qVuH,WSOL,USDC,1207.0,149108.142221,62059
389129965,humidifi,FksffEqnBRixYGR791Qw2MgdU7zNCpHVFYBL4Fa4qVuH,WSOL,USDC,1209.0,149355.188402,62001
389129965,humidifi,FksffEqnBRixYGR791Qw2MgdU7zNCpHVFYBL4Fa4qVuH,WSOL,USDC,1211.0,149602.234519,61987
389129965,humidifi,FksffEqnBRixYGR791Qw2MgdU7zNCpHVFYBL4Fa4qVuH,WSOL,USDC,1213.0,149849.28057,62066
389129965,humidifi,FksffEqnBRixYGR791Qw2MgdU7zNCpHVFYBL4Fa4qVuH,WSOL,USDC,1215.0,150096.326556,61997
389129965,humidifi,FksffEqnBRixYGR791Qw2MgdU7zNCpHVFYBL4Fa4qVuH,WSOL,USDC,1217.0,150343.372477,62078
389129965,humidifi,FksffEqnBRixYGR791Qw2MgdU7zNCpHVFYBL4Fa4qVuH,WSOL,USDC,1219.0,150590.418334,61995
389129965,humidifi,FksffEqnBRixYGR791Qw2MgdU7zNCpHVFYBL4Fa4qVuH,WSOL,USDC,1221.0,150837.464125,61990
389129965,humidifi,FksffEqnBRixYGR791Qw2MgdU7zNCpHVFYBL4Fa4qVuH,WSOL,USDC,1223.0,151084.509852,62005
389129965,humidifi,FksffEqnBRixYGR791Qw2MgdU7zNCpHVFYBL4Fa4qVuH,WSOL,USDC,1225.0,151331.555513,61984
389129965,humidifi,FksffEqnBRixYGR791Qw2MgdU7zNCpHVFYBL4Fa4qVuH,WSOL,USDC,1227.0,151578.60111,62084
389129965,humidifi,FksffEqnBRixYGR791Qw2MgdU7zNCpHVFYBL4Fa4qVuH,WSOL,USDC,1229.0,151825.646642,62080
389129965,humidifi,FksffEqnBRixYGR791Qw2MgdU7zNCpHVFYBL4Fa4qVuH,WSOL,USDC,1231.0,152072.692109,61999
389129965,humidifi,FksffEqnBRixYGR791Qw2MgdU7zNCpHVFYBL4Fa4qVuH,WSOL,USDC,1233.0,152319.737511,61999
389129965,humidifi,FksffEqnBRixYGR791Qw2MgdU7zNCpHVFYBL4Fa4qVuH,WSOL,USDC,1235.0,152566.782849,62005
389129965,humidifi,FksffEqnBRixYGR791Qw2MgdU7zNCpHVFYBL4Fa4qVuH,WSOL,USDC,1237.0,152813.828121,62067
389129965,humidifi,FksffEqnBRixYGR791Qw2MgdU7zNCpHVFYBL4Fa4qVuH,WSOL,USDC,1239.0,153060.87333,62011
389129965,humidifi,FksffEqnBRixYGR791Qw2MgdU7zNCpHVFYBL4Fa4qVuH,WSOL,USDC,1241.0,153307.918473,62011
389129965,humidifi,FksffEqnBRixYGR791Qw2MgdU7zNCpHVFYBL4Fa4qVuH,WSOL,USDC,1243.0,153554.963552,61997
389129965,humidifi,FksffEqnBRixYGR791Qw2MgdU7zNCpHVFYBL4Fa4qVuH,WSOL,USDC,1245.0,153802.008566,62018
389129965,humidifi,FksffEqnBRixYGR791Qw2MgdU7zNCpHVFYBL4Fa4qVuH,WSOL,USDC,1247.0,154049.053516,62018
389129965,humidifi,FksffEqnBRixYGR791Qw2MgdU7zNCpHVFYBL4Fa4qVuH,WSOL,USDC,1249.0,154296.098401,62065
389129965,humidifi,FksffEqnBRixYGR791Qw2MgdU7zNCpHVFYBL4Fa4qVuH,WSOL,USDC,1251.0,154543.143222,61987
389129965,humidifi,FksffEqnBRixYGR791Qw2MgdU7zNCpHVFYBL4Fa4qVuH,WSOL,USDC,1253.0,154790.187978,62068
389129965,humidifi,FksffEqnBRixYGR791Qw2MgdU7zNCpHVFYBL4Fa4qVuH,WSOL,USDC,1255.0,155037.23267,61993
389129965,humidifi,FksffEqnBRixYGR791Qw2MgdU7zNCpHVFYBL4Fa4qVuH,WSOL,USDC,1257.0,155284.277298,62005
389129965,humidifi,FksffEqnBRixYGR791Qw2MgdU7zNCpHVFYBL4Fa4qVuH,WSOL,USDC,1259.0,155531.321861,62014
389129965,humidifi,FksffEqnBRixYGR791Qw2MgdU7zNCpHVFYBL4Fa4qVuH,WSOL,USDC,1261.0,155778.366359,62028
389129965,humidifi,FksffEqnBRixYGR791Qw2MgdU7zNCpHVFYBL4Fa4qVuH,WSOL,USDC,1263.0,156025.410794,61985
389129965,humidifi,FksffEqnBRixYGR791Qw2MgdU7zNCpHVFYBL4Fa4qVuH,WSOL,USDC,1265.0,156272.455164,61988
389129965,humidifi,FksffEqnBRixYGR791Qw2MgdU7zNCpHVFYBL4Fa4qVuH,WSOL,USDC,1267.0,156519.499469,61990
389129965,humidifi,FksffEqnBRixYGR791Qw2MgdU7zNCpHVFYBL4Fa4qVuH,WSOL,USDC,1269.0,156766.543711,62002
389129965,humidifi,FksffEqnBRixYGR791Qw2MgdU7zNCpHVFYBL4Fa4qVuH,WSOL,USDC,1271.0,157013.587888,62000
389129965,humidifi,FksffEqnBRixYGR791Qw2MgdU7zNCpHVFYBL4Fa4qVuH,WSOL,USDC,1273.0,157260.632001,62074
389129965,humidifi,FksffEqnBRixYGR791Qw2MgdU7zNCpHVFYBL4Fa4qVuH,WSOL,USDC,1275.0,157507.67605,61993
389129965,humidifi,FksffEqnBRixYGR791Qw2MgdU7zNCpHVFYBL4Fa4qVuH,WSOL,USDC,1277.0,157754.720035,62098
389129965,humidifi,FksffEqnBRixYGR791Qw2MgdU7zNCpHVFYBL4Fa4qVuH,WSOL,USDC,1279.0,158001.763956,62062
389129965,humidifi,FksffEqnBRixYGR791Qw2MgdU7zNCpHVFYBL4Fa4qVuH,WSOL,USDC,1281.0,158248.807813,61993
389129965,humidifi,FksffEqnBRixYGR791Qw2MgdU7zNCpHVFYBL4Fa4qVuH,WSOL,USDC,1283.0,158495.851605,61992
389129965,humidifi,FksffEqnBRixYGR791Qw2MgdU7zNCpHVFYBL4Fa4qVuH,WSOL,USDC,1285.0,158742.895334,61991
389129965,humidifi,FksffEqnBRixYGR791Qw2MgdU7zNCpHVFYBL4Fa4qVuH,WSOL,USDC,1287.0,158989.938999,62082
389129965,humidifi,FksffEqnBRixYGR791Qw2MgdU7zNCpHVFYBL4Fa4qVuH,WSOL,USDC,1289.0,159236.982599,61995
389129965,humidifi,FksffEqnBRixYGR791Qw2MgdU7zNCpHVFYBL4Fa4qVuH,WSOL,USDC,1291.0,159484.026136,61999
389129965,humidifi,FksffEqnBRixYGR791Qw2MgdU7zNCpHVFYBL4Fa4qVuH,WSOL,USDC,1293.0,159731.069609,61998
389129965,humidifi,FksffEqnBRixYGR791Qw2MgdU7zNCpHVFYBL4Fa4qVuH,WSOL,USDC,1295.0,159978.113018,61999
389129965,humidifi,FksffEqnBRixYGR791Qw2MgdU7zNCpHVFYBL4Fa4qVuH,WSOL,USDC,1297.0,160225.156363,62009
389129965,humidifi,FksffEqnBRixYGR791Qw2MgdU7zNCpHVFYBL4Fa4qVuH,WSOL,USDC,1299.0,160472.199644,61999
389129965,humidifi,FksffEqnBRixYGR791Qw2MgdU7zNCpHVFYBL4Fa4qVuH,WSOL,USDC,1301.0,160719.242862,61990
389129965,humidifi,FksffEqnBRixYGR791Qw2MgdU7zNCpHVFYBL4Fa4qVuH,WSOL,USDC,1303.0,160966.286016,62012
389129965,humidifi,FksffEqnBRixYGR791Qw2MgdU7zNCpHVFYBL4Fa4qVuH,WSOL,USDC,1305.0,161213.329106,62017
389129965,humidifi,FksffEqnBRixYGR791Qw2MgdU7zNCpHVFYBL4Fa4qVuH,WSOL,USDC,1307.0,161460.372132,62095
389129965,humidifi,FksffEqnBRixYGR791Qw2MgdU7zNCpHVFYBL4Fa4qVuH,WSOL,USDC,1309.0,161707.415095,62012
389129965,humidifi,FksffEqnBRixYGR791Qw2MgdU7zNCpHVFYBL4Fa4qVuH,WSOL,USDC,1311.0,161954.457994,62071
389129965,humidifi,FksffEqnBRixYGR791Qw2MgdU7zNCpHVFYBL4Fa4qVuH,WSOL,USDC,1313.0,162201.500829,61991
389129965,humidifi,FksffEqnBRixYGR791Qw2MgdU7zNCpHVFYBL4Fa4qVuH,WSOL,USDC,1315.0,162448.543601,62006
389129965,humidifi,FksffEqnBRixYGR791Qw2MgdU7zNCpHVFYBL4Fa4qVuH,WSOL,USDC,1317.0,162695.586309,62010
389129965,humidifi,FksffEqnBRixYGR791Qw2MgdU7zNCpHVFYBL4Fa4qVuH,WSOL,USDC,1319.0,162942.628954,62034
389129965,humidifi,FksffEqnBRixYGR791Qw2MgdU7zNCpHVFYBL4Fa4qVuH,WSOL,USDC,1321.0,163189.671535,62031
389129965,humidifi,FksffEqnBRixYGR791Qw2MgdU7zNCpHVFYBL4Fa4qVuH,WSOL,USDC,1323.0,163436.714053,61942
389129965,humidifi,FksffEqnBRixYGR791Qw2MgdU7zNCpHVFYBL4Fa4qVuH,WSOL,USDC,1325.0,163683.756507,62070
389129965,humidifi,FksffEqnBRixYGR791Qw2MgdU7zNCpHVFYBL4Fa4qVuH,WSOL,USDC,1327.0,163930.798898,62012
389129965,humidifi,FksffEqnBRixYGR791Qw2MgdU7zNCpHVFYBL4Fa4qVuH,WSOL,USDC,1329.0,164177.841226,62001
389129965,humidifi,FksffEqnBRixYGR791Qw2MgdU7zNCpHVFYBL4Fa4qVuH,WSOL,USDC,1331.0,164424.88349,62086
389129965,humidifi,FksffEqnBRixYGR791Qw2MgdU7zNCpHVFYBL4Fa4qVuH,WSOL,USDC,1333.0,164671.92569,62017
389129965,humidifi,FksffEqnBRixYGR791Qw2MgdU7zNCpHVFYBL4Fa4qVuH,WSOL,USDC,1335.0,164918.967828,62066
389129965,humidifi,FksffEqnBRixYGR791Qw2MgdU7zNCpHVFYBL4Fa4qVuH,WSOL,USDC,1337.0,165166.009902,62003
389129965,humidifi,FksffEqnBRixYGR791Qw2MgdU7zNCpHVFYBL4Fa4qVuH,WSOL,USDC,1339.0,165413.051913,62076
389129965,humidifi,FksffEqnBRixYGR791Qw2MgdU7zNCpHVFYBL4Fa4qVuH,WSOL,USDC,1341.0,165660.09386,62014
389129965,humidifi,FksffEqnBRixYGR791Qw2MgdU7zNCpHVFYBL4Fa4qVuH,WSOL,USDC,1343.0,165907.135745,62070
389129965,humidifi,FksffEqnBRixYGR791Qw2MgdU7zNCpHVFYBL4Fa4qVuH,WSOL,USDC,1345.0,166154.177566,62008
389129965,humidifi,FksffEqnBRixYGR791Qw2MgdU7zNCpHVFYBL4Fa4qVuH,WSOL,USDC,1347.0,166401.219324,61995
389129965,humidifi,FksffEqnBRixYGR791Qw2MgdU7zNCpHVFYBL4Fa4qVuH,WSOL,USDC,1349.0,166648.261019,62075
389129965,humidifi,FksffEqnBRixYGR791Qw2MgdU7zNCpHVFYBL4Fa4qVuH,WSOL,USDC,1351.0,166895.302651,61995
389129965,humidifi,FksffEqnBRixYGR791Qw2MgdU7zNCpHVFYBL4Fa4qVuH,WSOL,USDC,1353.0,167142.344219,62011
389129965,humidifi,FksffEqnBRixYGR791Qw2MgdU7zNCpHVFYBL4Fa4qVuH,WSOL,USDC,1355.0,167389.385725,61986
389129965,humidifi,FksffEqnBRixYGR791Qw2MgdU7zNCpHVFYBL4Fa4qVuH,WSOL,USDC,1357.0,167636.427168,62079
389129965,humidifi,FksffEqnBRixYGR791Qw2MgdU7zNCpHVFYBL4Fa4qVuH,WSOL,USDC,1359.0,167883.468547,62004
389129965,humidifi,FksffEqnBRixYGR791Qw2MgdU7zNCpHVFYBL4Fa4qVuH,WSOL,USDC,1361.0,168130.509864,62080
389129965,humidifi,FksffEqnBRixYGR791Qw2MgdU7zNCpHVFYBL4Fa4qVuH,WSOL,USDC,1363.0,168377.551118,62091
389129965,humidifi,FksffEqnBRixYGR791Qw2MgdU7zNCpHVFYBL4Fa4qVuH,WSOL,USDC,1365.0,168624.592309,62005
389129965,humidifi,FksffEqnBRixYGR791Qw2MgdU7zNCpHVFYBL4Fa4qVuH,WSOL,USDC,1367.0,168871.633437,62022
389129965,humidifi,FksffEqnBRixYGR791Qw2MgdU7zNCpHVFYBL4Fa4qVuH,WSOL,USDC,1369.0,169118.674502,62017
389129965,humidifi,FksffEqnBRixYGR791Qw2MgdU7zNCpHVFYBL4Fa4qVuH,WSOL,USDC,1371.0,169365.715504,62014
389129965,humidifi,FksffEqnBRixYGR791Qw2MgdU7zNCpHVFYBL4Fa4qVuH,WSOL,USDC,1373.0,169612.756443,62023
389129965,humidifi,FksffEqnBRixYGR791Qw2MgdU7zNCpHVFYBL4Fa4qVuH,WSOL,USDC,1375.0,169859.79732,62089
389129965,humidifi,FksffEqnBRixYGR791Qw2MgdU7zNCpHVFYBL4Fa4qVuH,WSOL,USDC,1377.0,170106.838134,62035
389129965,humidifi,FksffEqnBRixYGR791Qw2MgdU7zNCpHVFYBL4Fa4qVuH,WSOL,USDC,1379.0,170353.878885,62035
389129965,humidifi,FksffEqnBRixYGR791Qw2MgdU7zNCpHVFYBL4Fa4qVuH,WSOL,USDC,1381.0,170600.919573,62033
389129965,humidifi,FksffEqnBRixYGR791Qw2MgdU7zNCpHVFYBL4Fa4qVuH,WSOL,USDC,1383.0,170847.960199,62125
389129965,humidifi,FksffEqnBRixYGR791Qw2MgdU7zNCpHVFYBL4Fa4qVuH,WSOL,USDC,1385.0,171095.000762,62058
389129965,humidifi,FksffEqnBRixYGR791Qw2MgdU7zNCpHVFYBL4Fa4qVuH,WSOL,USDC,1387.0,171342.041262,62052
389129965,humidifi,FksffEqnBRixYGR791Qw2MgdU7zNCpHVFYBL4Fa4qVuH,WSOL,USDC,1389.0,171589.0817,62057
389129965,humidifi,FksffEqnBRixYGR791Qw2MgdU7zNCpHVFYBL4Fa4qVuH,WSOL,USDC,1391.0,171836.122075,62054
389129965,humidifi,FksffEqnBRixYGR791Qw2MgdU7zNCpHVFYBL4Fa4qVuH,WSOL,USDC,1393.0,172083.162388,62134
389129965,humidifi,FksffEqnBRixYGR791Qw2MgdU7zNCpHVFYBL4Fa4qVuH,WSOL,USDC,1395.0,172330.202638,62063
389129965,humidifi,FksffEqnBRixYGR791Qw2MgdU7zNCpHVFYBL4Fa4qVuH,WSOL,USDC,1397.0,172577.242826,62068
389129965,humidifi,FksffEqnBRixYGR791Qw2MgdU7zNCpHVFYBL4Fa4qVuH,WSOL,USDC,1399.0,172824.282951,62055
389129965,humidifi,FksffEqnBRixYGR791Qw2MgdU7zNCpHVFYBL4Fa4qVuH,WSOL,USDC,1401.0,173071.323014,62049
389129965,humidifi,FksffEqnBRixYGR791Qw2MgdU7zNCpHVFYBL4Fa4qVuH,WSOL,USDC,1403.0,173318.363014,62054
389129965,humidifi,FksffEqnBRixYGR791Qw2MgdU7zNCpHVFYBL4Fa4qVuH,WSOL,USDC,1405.0,173565.402952,62131
389129965,humidifi,FksffEqnBRixYGR791Qw2MgdU7zNCpHVFYBL4Fa4qVuH,WSOL,USDC,1407.0,173812.442827,62061
389129965,humidifi,FksffEqnBRixYGR791Qw2MgdU7zNCpHVFYBL4Fa4qVuH,WSOL,USDC,1409.0,174059.482641,62073
389129965,humidifi,FksffEqnBRixYGR791Qw2MgdU7zNCpHVFYBL4Fa4qVuH,WSOL,USDC,1411.0,174306.522391,62056
389129965,humidifi,FksffEqnBRixYGR791Qw2MgdU7zNCpHVFYBL4Fa4qVuH,WSOL,USDC,1413.0,174553.56208,62061
389129965,humidifi,FksffEqnBRixYGR791Qw2MgdU7zNCpHVFYBL4Fa4qVuH,WSOL,USDC,1415.0,174800.601706,62047
389129965,humidifi,FksffEqnBRixYGR791Qw2MgdU7zNCpHVFYBL4Fa4qVuH,WSOL,USDC,1417.0,175047.64127,62052
389129965,humidifi,FksffEqnBRixYGR791Qw2MgdU7zNCpHVFYBL4Fa4qVuH,WSOL,USDC,1419.0,175294.680772,62115
389129965,humidifi,FksffEqnBRixYGR791Qw2MgdU7zNCpHVFYBL4Fa4qVuH,WSOL,USDC,1421.0,175541.720211,62067
389129965,humidifi,FksffEqnBRixYGR791Qw2MgdU7zNCpHVFYBL4Fa4qVuH,WSOL,USDC,1423.0,175788.759589,62062
389129965,humidifi,FksffEqnBRixYGR791Qw2MgdU7zNCpHVFYBL4Fa4qVuH,WSOL,USDC,1425.0,176035.798904,62050
389129965,humidifi,FksffEqnBRixYGR791Qw2MgdU7zNCpHVFYBL4Fa4qVuH,WSOL,USDC,1427.0,176282.838157,62136
389129965,humidifi,FksffEqnBRixYGR791Qw2MgdU7zNCpHVFYBL4Fa4qVuH,WSOL,USDC,1429.0,176529.877348,62061
389129965,humidifi,FksffEqnBRixYGR791Qw2MgdU7zNCpHVFYBL4Fa4qVuH,WSOL,USDC,1431.0,176776.916477,62038
389129965,humidifi,FksffEqnBRixYGR791Qw2MgdU7zNCpHVFYBL4Fa4qVuH,WSOL,USDC,1433.0,177023.955544,62050
389129965,humidifi,FksffEqnBRixYGR791Qw2MgdU7zNCpHVFYBL4Fa4qVuH,WSOL,USDC,1435.0,177270.994549,62055
389129965,humidifi,FksffEqnBRixYGR791Qw2MgdU7zNCpHVFYBL4Fa4qVuH,WSOL,USDC,1437.0,177518.033492,62049
389129965,humidifi,FksffEqnBRixYGR791Qw2MgdU7zNCpHVFYBL4Fa4qVuH,WSOL,USDC,1439.0,177765.072372,62055
389129965,humidifi,FksffEqnBRixYGR791Qw2MgdU7zNCpHVFYBL4Fa4qVuH,WSOL,USDC,1441.0,178012.111191,62061
389129965,humidifi,FksffEqnBRixYGR791Qw2MgdU7zNCpHVFYBL4Fa4qVuH,WSOL,USDC,1443.0,178259.149948,62126
389129965,humidifi,FksffEqnBRixYGR791Qw2MgdU7zNCpHVFYBL4Fa4qVuH,WSOL,USDC,1445.0,178506.188643,62060
389129965,humidifi,FksffEqnBRixYGR791Qw2MgdU7zNCpHVFYBL4Fa4qVuH,WSOL,USDC,1447.0,178753.227277,62139
389129965,humidifi,FksffEqnBRixYGR791Qw2MgdU7zNCpHVFYBL4Fa4qVuH,WSOL,USDC,1449.0,179000.265848,62063
389129965,humidifi,FksffEqnBRixYGR791Qw2MgdU7zNCpHVFYBL4Fa4qVuH,WSOL,USDC,1451.0,179247.304357,62000
389129965,humidifi,FksffEqnBRixYGR791Qw2MgdU7zNCpHVFYBL4Fa4qVuH,WSOL,USDC,1453.0,179494.342805,62050
389129965,humidifi,FksffEqnBRixYGR791Qw2MgdU7zNCpHVFYBL4Fa4qVuH,WSOL,USDC,1455.0,179741.381191,62040
389129965,humidifi,FksffEqnBRixYGR791Qw2MgdU7zNCpHVFYBL4Fa4qVuH,WSOL,USDC,1457.0,179988.419515,62058
389129965,humidifi,FksffEqnBRixYGR791Qw2MgdU7zNCpHVFYBL4Fa4qVuH,WSOL,USDC,1459.0,180235.457778,62139
389129965,humidifi,FksffEqnBRixYGR791Qw2MgdU7zNCpHVFYBL4Fa4qVuH,WSOL,USDC,1461.0,180482.495978,62045
389129965,humidifi,FksffEqnBRixYGR791Qw2MgdU7zNCpHVFYBL4Fa4qVuH,WSOL,USDC,1463.0,180729.534117,62149
389129965,humidifi,FksffEqnBRixYGR791Qw2MgdU7zNCpHVFYBL4Fa4qVuH,WSOL,USDC,1465.0,180976.572195,62048
389129965,humidifi,FksffEqnBRixYGR791Qw2MgdU7zNCpHVFYBL4Fa4qVuH,WSOL,USDC,1467.0,181223.61021,62151
389129965,humidifi,FksffEqnBRixYGR791Qw2MgdU7zNCpHVFYBL4Fa4qVuH,WSOL,USDC,1469.0,181470.648165,62046
389129965,humidifi,FksffEqnBRixYGR791Qw2MgdU7zNCpHVFYBL4Fa4qVuH,WSOL,USDC,1471.0,181717.686057,62049
389129965,humidifi,FksffEqnBRixYGR791Qw2MgdU7zNCpHVFYBL4Fa4qVuH,WSOL,USDC,1473.0,181964.723888,62052
389129965,humidifi,FksffEqnBRixYGR791Qw2MgdU7zNCpHVFYBL4Fa4qVuH,WSOL,USDC,1475.0,182211.761657,62134
389129965,humidifi,FksffEqnBRixYGR791Qw2MgdU7zNCpHVFYBL4Fa4qVuH,WSOL,USDC,1477.0,182458.799365,62049
389129965,humidifi,FksffEqnBRixYGR791Qw2MgdU7zNCpHVFYBL4Fa4qVuH,WSOL,USDC,1479.0,182705.837012,62076
389129965,humidifi,FksffEqnBRixYGR791Qw2MgdU7zNCpHVFYBL4Fa4qVuH,WSOL,USDC,1481.0,182952.874597,62062
389129965,humidifi,FksffEqnBRixYGR791Qw2MgdU7zNCpHVFYBL4Fa4qVuH,WSOL,USDC,1483.0,183199.91212,62070
389129965,humidifi,FksffEqnBRixYGR791Qw2MgdU7zNCpHVFYBL4Fa4qVuH,WSOL,USDC,1485.0,183446.949582,62066
389129965,humidifi,FksffEqnBRixYGR791Qw2MgdU7zNCpHVFYBL4Fa4qVuH,WSOL,USDC,1487.0,183693.986983,62033
389129965,humidifi,FksffEqnBRixYGR791Qw2MgdU7zNCpHVFYBL4Fa4qVuH,WSOL,USDC,1489.0,183941.024322,62042
389129965,humidifi,FksffEqnBRixYGR791Qw2MgdU7zNCpHVFYBL4Fa4qVuH,WSOL,USDC,1491.0,184188.0616,62125
389129965,humidifi,FksffEqnBRixYGR791Qw2MgdU7zNCpHVFYBL4Fa4qVuH,WSOL,USDC,1493.0,184435.098816,62049
389129965,humidifi,FksffEqnBRixYGR791Qw2MgdU7zNCpHVFYBL4Fa4qVuH,WSOL,USDC,1495.0,184682.135972,62062
389129965,humidifi,FksffEqnBRixYGR791Qw2MgdU7zNCpHVFYBL4Fa4qVuH,WSOL,USDC,1497.0,184929.173066,62050
389129965,humidifi,FksffEqnBRixYGR791Qw2MgdU7zNCpHVFYBL4Fa4qVuH,WSOL,USDC,1499.0,185176.210098,62131
389129965,humidifi,FksffEqnBRixYGR791Qw2MgdU7zNCpHVFYBL4Fa4qVuH,WSOL,USDC,1501.0,185423.24707,62070
389129965,humidifi,FksffEqnBRixYGR791Qw2MgdU7zNCpHVFYBL4Fa4qVuH,WSOL,USDC,1503.0,185670.28398,62137
389129965,humidifi,FksffEqnBRixYGR791Qw2MgdU7zNCpHVFYBL4Fa4qVuH,WSOL,USDC,1505.0,185917.320829,62069
389129965,humidifi,FksffEqnBRixYGR791Qw2MgdU7zNCpHVFYBL4Fa4qVuH,WSOL,USDC,1507.0,186164.357617,62078
389129965,humidifi,FksffEqnBRixYGR791Qw2MgdU7zNCpHVFYBL4Fa4qVuH,WSOL,USDC,1509.0,186411.394344,62063
389129965,humidifi,FksffEqnBRixYGR791Qw2MgdU7zNCpHVFYBL4Fa4qVuH,WSOL,USDC,1511.0,186658.431009,62071
389129965,humidifi,FksffEqnBRixYGR791Qw2MgdU7zNCpHVFYBL4Fa4qVuH,WSOL,USDC,1513.0,186905.467614,62074
389129965,humidifi,FksffEqnBRixYGR791Qw2MgdU7zNCpHVFYBL4Fa4qVuH,WSOL,USDC,1515.0,187152.504157,62143
389129965,humidifi,FksffEqnBRixYGR791Qw2MgdU7zNCpHVFYBL4Fa4qVuH,WSOL,USDC,1517.0,187399.54064,62059
389129965,humidifi,FksffEqnBRixYGR791Qw2MgdU7zNCpHVFYBL4Fa4qVuH,WSOL,USDC,1519.0,187646.577061,62049
389129965,humidifi,FksffEqnBRixYGR791Qw2MgdU7zNCpHVFYBL4Fa4qVuH,WSOL,USDC,1521.0,187893.613421,62054
389129965,humidifi,FksffEqnBRixYGR791Qw2MgdU7zNCpHVFYBL4Fa4qVuH,WSOL,USDC,1523.0,188140.649721,62062
389129965,humidifi,FksffEqnBRixYGR791Qw2MgdU7zNCpHVFYBL4Fa4qVuH,WSOL,USDC,1525.0,188387.685959,62121
389129965,humidifi,FksffEqnBRixYGR791Qw2MgdU7zNCpHVFYBL4Fa4qVuH,WSOL,USDC,1527.0,188634.722137,62031
389129965,humidifi,FksffEqnBRixYGR791Qw2MgdU7zNCpHVFYBL4Fa4qVuH,WSOL,USDC,1529.0,188881.758253,62127
389129965,humidifi,FksffEqnBRixYGR791Qw2MgdU7zNCpHVFYBL4Fa4qVuH,WSOL,USDC,1531.0,189128.794309,62058
389129965,humidifi,FksffEqnBRixYGR791Qw2MgdU7zNCpHVFYBL4Fa4qVuH,WSOL,USDC,1533.0,189375.830304,62123
389129965,humidifi,FksffEqnBRixYGR791Qw2MgdU7zNCpHVFYBL4Fa4qVuH,WSOL,USDC,1535.0,189622.866237,62067
389129965,humidifi,FksffEqnBRixYGR791Qw2MgdU7zNCpHVFYBL4Fa4qVuH,WSOL,USDC,1537.0,189869.902111,62060
389129965,humidifi,FksffEqnBRixYGR791Qw2MgdU7zNCpHVFYBL4Fa4qVuH,WSOL,USDC,1539.0,190116.937923,62080
389129965,humidifi,FksffEqnBRixYGR791Qw2MgdU7zNCpHVFYBL4Fa4qVuH,WSOL,USDC,1541.0,190363.973674,62060
389129965,humidifi,FksffEqnBRixYGR791Qw2MgdU7zNCpHVFYBL4Fa4qVuH,WSOL,USDC,1543.0,190611.009365,62076
389129965,humidifi,FksffEqnBRixYGR791Qw2MgdU7zNCpHVFYBL4Fa4qVuH,WSOL,USDC,1545.0,190858.044995,62077
389129965,humidifi,FksffEqnBRixYGR791Qw2MgdU7zNCpHVFYBL4Fa4qVuH,WSOL,USDC,1547.0,191105.080564,62039
389129965,humidifi,FksffEqnBRixYGR791Qw2MgdU7zNCpHVFYBL4Fa4qVuH,WSOL,USDC,1549.0,191352.116073,62147
389129965,humidifi,FksffEqnBRixYGR791Qw2MgdU7zNCpHVFYBL4Fa4qVuH,WSOL,USDC,1551.0,191599.151521,62070
389129965,humidifi,FksffEqnBRixYGR791Qw2MgdU7zNCpHVFYBL4Fa4qVuH,WSOL,USDC,1553.0,191846.186908,62046
389129965,humidifi,FksffEqnBRixYGR791Qw2MgdU7zNCpHVFYBL4Fa4qVuH,WSOL,USDC,1555.0,192093.222235,62059
389129965,humidifi,FksffEqnBRixYGR791Qw2MgdU7zNCpHVFYBL4Fa4qVuH,WSOL,USDC,1557.0,192340.257501,62067
389129965,humidifi,FksffEqnBRixYGR791Qw2MgdU7zNCpHVFYBL4Fa4qVuH,WSOL,USDC,1559.0,192587.292706,62109
389129965,humidifi,FksffEqnBRixYGR791Qw2MgdU7zNCpHVFYBL4Fa4qVuH,WSOL,USDC,1561.0,192834.327851,62044
389129965,humidifi,FksffEqnBRixYGR791Qw2MgdU7zNCpHVFYBL4Fa4qVuH,WSOL,USDC,1563.0,193081.362936,62084
389129965,humidifi,FksffEqnBRixYGR791Qw2MgdU7zNCpHVFYBL4Fa4qVuH,WSOL,USDC,1565.0,193328.39796,62077
389129965,humidifi,FksffEqnBRixYGR791Qw2MgdU7zNCpHVFYBL4Fa4qVuH,WSOL,USDC,1567.0,193575.432923,62156
389129965,humidifi,FksffEqnBRixYGR791Qw2MgdU7zNCpHVFYBL4Fa4qVuH,WSOL,USDC,1569.0,193822.467826,62073
389129965,humidifi,FksffEqnBRixYGR791Qw2MgdU7zNCpHVFYBL4Fa4qVuH,WSOL,USDC,1571.0,194069.502668,62060
389129965,humidifi,FksffEqnBRixYGR791Qw2MgdU7zNCpHVFYBL4Fa4qVuH,WSOL,USDC,1573.0,194316.53745,62051
389129965,humidifi,FksffEqnBRixYGR791Qw2MgdU7zNCpHVFYBL4Fa4qVuH,WSOL,USDC,1575.0,194563.572172,62044
389129965,humidifi,FksffEqnBRixYGR791Qw2MgdU7zNCpHVFYBL4Fa4qVuH,WSOL,USDC,1577.0,194810.606833,62069
389129965,humidifi,FksffEqnBRixYGR791Qw2MgdU7zNCpHVFYBL4Fa4qVuH,WSOL,USDC,1579.0,195057.641434,62066
389129965,humidifi,FksffEqnBRixYGR791Qw2MgdU7zNCpHVFYBL4Fa4qVuH,WSOL,USDC,1581.0,195304.675974,62144
389129965,humidifi,FksffEqnBRixYGR791Qw2MgdU7zNCpHVFYBL4Fa4qVuH,WSOL,USDC,1583.0,195551.710454,62053
389129965,humidifi,FksffEqnBRixYGR791Qw2MgdU7zNCpHVFYBL4Fa4qVuH,WSOL,USDC,1585.0,195798.744874,62073
389129965,humidifi,FksffEqnBRixYGR791Qw2MgdU7zNCpHVFYBL4Fa4qVuH,WSOL,USDC,1587.0,196045.779234,62005
389129965,humidifi,FksffEqnBRixYGR791Qw2MgdU7zNCpHVFYBL4Fa4qVuH,WSOL,USDC,1589.0,196292.813533,62074
389129965,humidifi,FksffEqnBRixYGR791Qw2MgdU7zNCpHVFYBL4Fa4qVuH,WSOL,USDC,1591.0,196539.847772,62070
389129965,humidifi,FksffEqnBRixYGR791Qw2MgdU7zNCpHVFYBL4Fa4qVuH,WSOL,USDC,1593.0,196786.881951,62063
389129965,humidifi,FksffEqnBRixYGR791Qw2MgdU7zNCpHVFYBL4Fa4qVuH,WSOL,USDC,1595.0,197033.91607,62135
389129965,humidifi,FksffEqnBRixYGR791Qw2MgdU7zNCpHVFYBL4Fa4qVuH,WSOL,USDC,1597.0,197280.950128,62056
389129965,humidifi,FksffEqnBRixYGR791Qw2MgdU7zNCpHVFYBL4Fa4qVuH,WSOL,USDC,1599.0,197527.984127,62144
389129965,humidifi,FksffEqnBRixYGR791Qw2MgdU7zNCpHVFYBL4Fa4qVuH,WSOL,USDC,1601.0,197775.018065,62067
389129965,humidifi,FksffEqnBRixYGR791Qw2MgdU7zNCpHVFYBL4Fa4qVuH,WSOL,USDC,1603.0,198022.051943,62077
389129965,humidifi,FksffEqnBRixYGR791Qw2MgdU7zNCpHVFYBL4Fa4qVuH,WSOL,USDC,1605.0,198269.085761,62053
389129965,humidifi,FksffEqnBRixYGR791Qw2MgdU7zNCpHVFYBL4Fa4qVuH,WSOL,USDC,1607.0,198516.119519,62137
389129965,humidifi,FksffEqnBRixYGR791Qw2MgdU7zNCpHVFYBL4Fa4qVuH,WSOL,USDC,1609.0,198763.153217,62061
389129965,humidifi,FksffEqnBRixYGR791Qw2MgdU7zNCpHVFYBL4Fa4qVuH,WSOL,USDC,1611.0,199010.186855,62082
389129965,humidifi,FksffEqnBRixYGR791Qw2MgdU7zNCpHVFYBL4Fa4qVuH,WSOL,USDC,1613.0,199257.220433,62133
389129965,humidifi,FksffEqnBRixYGR791Qw2MgdU7zNCpHVFYBL4Fa4qVuH,WSOL,USDC,1615.0,199504.253951,62057
389129965,humidifi,FksffEqnBRixYGR791Qw2MgdU7zNCpHVFYBL4Fa4qVuH,WSOL,USDC,1617.0,199751.287409,62136
389129965,humidifi,FksffEqnBRixYGR791Qw2MgdU7zNCpHVFYBL4Fa4qVuH,WSOL,USDC,1619.0,199998.320807,62067
389129965,humidifi,FksffEqnBRixYGR791Qw2MgdU7zNCpHVFYBL4Fa4qVuH,WSOL,USDC,1621.0,200245.354145,62088
389129965,humidifi,FksffEqnBRixYGR791Qw2MgdU7zNCpHVFYBL4Fa4qVuH,WSOL,USDC,1623.0,200492.387423,62054
389129965,humidifi,FksffEqnBRixYGR791Qw2MgdU7zNCpHVFYBL4Fa4qVuH,WSOL,USDC,1625.0,200739.420642,62070
389129965,humidifi,FksffEqnBRixYGR791Qw2MgdU7zNCpHVFYBL4Fa4qVuH,WSOL,USDC,1627.0,200986.4538,62052
389129965,humidifi,FksffEqnBRixYGR791Qw2MgdU7zNCpHVFYBL4Fa4qVuH,WSOL,USDC,1629.0,201233.486899,62062
389129965,humidifi,FksffEqnBRixYGR791Qw2MgdU7zNCpHVFYBL4Fa4qVuH,WSOL,USDC,1631.0,201480.519938,62166
389129965,humidifi,FksffEqnBRixYGR791Qw2MgdU7zNCpHVFYBL4Fa4qVuH,WSOL,USDC,1633.0,201727.552917,62066
389129965,humidifi,FksffEqnBRixYGR791Qw2MgdU7zNCpHVFYBL4Fa4qVuH,WSOL,USDC,1635.0,201974.585836,62084
389129965,humidifi,FksffEqnBRixYGR791Qw2MgdU7zNCpHVFYBL4Fa4qVuH,WSOL,USDC,1637.0,202221.618695,62049
389129965,humidifi,FksffEqnBRixYGR791Qw2MgdU7zNCpHVFYBL4Fa4qVuH,WSOL,USDC,1639.0,202468.651495,62065
389129965,humidifi,FksffEqnBRixYGR791Qw2MgdU7zNCpHVFYBL4Fa4qVuH,WSOL,USDC,1641.0,202715.684235,62135
389129965,humidifi,FksffEqnBRixYGR791Qw2MgdU7zNCpHVFYBL4Fa4qVuH,WSOL,USDC,1643.0,202962.716916,62062
389129965,humidifi,FksffEqnBRixYGR791Qw2MgdU7zNCpHVFYBL4Fa4qVuH,WSOL,USDC,1645.0,203209.749536,62060
389129965,humidifi,FksffEqnBRixYGR791Qw2MgdU7zNCpHVFYBL4Fa4qVuH,WSOL,USDC,1647.0,203456.782097,62077
389129965,humidifi,FksffEqnBRixYGR791Qw2MgdU7zNCpHVFYBL4Fa4qVuH,WSOL,USDC,1649.0,203703.814599,62164
389129965,humidifi,FksffEqnBRixYGR791Qw2MgdU7zNCpHVFYBL4Fa4qVuH,WSOL,USDC,1651.0,203950.847041,62082
389129965,humidifi,FksffEqnBRixYGR791Qw2MgdU7zNCpHVFYBL4Fa4qVuH,WSOL,USDC,1653.0,204197.879423,62079
389129965,humidifi,FksffEqnBRixYGR791Qw2MgdU7zNCpHVFYBL4Fa4qVuH,WSOL,USDC,1655.0,204444.911746,62075
389129965,humidifi,FksffEqnBRixYGR791Qw2MgdU7zNCpHVFYBL4Fa4qVuH,WSOL,USDC,1657.0,204691.944009,62075
389129965,humidifi,FksffEqnBRixYGR791Qw2MgdU7zNCpHVFYBL4Fa4qVuH,WSOL,USDC,1659.0,204938.976212,62044
389129965,humidifi,FksffEqnBRixYGR791Qw2MgdU7zNCpHVFYBL4Fa4qVuH,WSOL,USDC,1661.0,205186.008356,62046
389129965,humidifi,FksffEqnBRixYGR791Qw2MgdU7zNCpHVFYBL4Fa4qVuH,WSOL,USDC,1663.0,205433.040441,62048
389129965,humidifi,FksffEqnBRixYGR791Qw2MgdU7zNCpHVFYBL4Fa4qVuH,WSOL,USDC,1665.0,205680.072466,62140
389129965,humidifi,FksffEqnBRixYGR791Qw2MgdU7zNCpHVFYBL4Fa4qVuH,WSOL,USDC,1667.0,205927.104432,62071
389129965,humidifi,FksffEqnBRixYGR791Qw2MgdU7zNCpHVFYBL4Fa4qVuH,WSOL,USDC,1669.0,206174.136338,62057
389129965,humidifi,FksffEqnBRixYGR791Qw2MgdU7zNCpHVFYBL4Fa4qVuH,WSOL,USDC,1671.0,206421.168185,62058
389129965,humidifi,FksffEqnBRixYGR791Qw2MgdU7zNCpHVFYBL4Fa4qVuH,WSOL,USDC,1673.0,206668.199972,62054
389129965,humidifi,FksffEqnBRixYGR791Qw2MgdU7zNCpHVFYBL4Fa4qVuH,WSOL,USDC,1675.0,206915.2317,62149
389129965,humidifi,FksffEqnBRixYGR791Qw2MgdU7zNCpHVFYBL4Fa4qVuH,WSOL,USDC,1677.0,207162.263369,62054
389129965,humidifi,FksffEqnBRixYGR791Qw2MgdU7zNCpHVFYBL4Fa4qVuH,WSOL,USDC,1679.0,207409.294978,62145
389129965,humidifi,FksffEqnBRixYGR791Qw2MgdU7zNCpHVFYBL4Fa4qVuH,WSOL,USDC,1681.0,207656.326529,62051
389129965,humidifi,FksffEqnBRixYGR791Qw2MgdU7zNCpHVFYBL4Fa4qVuH,WSOL,USDC,1683.0,207903.358019,62071
389129965,humidifi,FksffEqnBRixYGR791Qw2MgdU7zNCpHVFYBL4Fa4qVuH,WSOL,USDC,1685.0,208150.389451,62124
389129965,humidifi,FksffEqnBRixYGR791Qw2MgdU7zNCpHVFYBL4Fa4qVuH,WSOL,USDC,1687.0,208397.420823,62048
389129965,humidifi,FksffEqnBRixYGR791Qw2MgdU7zNCpHVFYBL4Fa4qVuH,WSOL,USDC,1689.0,208644.452136,62125
389129965,humidifi,FksffEqnBRixYGR791Qw2MgdU7zNCpHVFYBL4Fa4qVuH,WSOL,USDC,1691.0,208891.48339,62052
389129965,humidifi,FksffEqnBRixYGR791Qw2MgdU7zNCpHVFYBL4Fa4qVuH,WSOL,USDC,1693.0,209138.514585,62074
389129965,humidifi,FksffEqnBRixYGR791Qw2MgdU7zNCpHVFYBL4Fa4qVuH,WSOL,USDC,1695.0,209385.54572,62114
389129965,humidifi,FksffEqnBRixYGR791Qw2MgdU7zNCpHVFYBL4Fa4qVuH,WSOL,USDC,1697.0,209632.576796,62049
389129965,humidifi,FksffEqnBRixYGR791Qw2MgdU7zNCpHVFYBL4Fa4qVuH,WSOL,USDC,1699.0,209879.607814,62038
389129965,humidifi,FksffEqnBRixYGR791Qw2MgdU7zNCpHVFYBL4Fa4qVuH,WSOL,USDC,1701.0,210126.638772,62059
389129965,humidifi,FksffEqnBRixYGR791Qw2MgdU7zNCpHVFYBL4Fa4qVuH,WSOL,USDC,1703.0,210373.669671,62060
389129965,humidifi,FksffEqnBRixYGR791Qw2MgdU7zNCpHVFYBL4Fa4qVuH,WSOL,USDC,1705.0,210620.700511,62144
389129965,humidifi,FksffEqnBRixYGR791Qw2MgdU7zNCpHVFYBL4Fa4qVuH,WSOL,USDC,1707.0,210867.731292,62057
389129965,humidifi,FksffEqnBRixYGR791Qw2MgdU7zNCpHVFYBL4Fa4qVuH,WSOL,USDC,1709.0,211114.762013,62147
389129965,humidifi,FksffEqnBRixYGR791Qw2MgdU7zNCpHVFYBL4Fa4qVuH,WSOL,USDC,1711.0,211361.792676,62062
389129965,humidifi,FksffEqnBRixYGR791Qw2MgdU7zNCpHVFYBL4Fa4qVuH,WSOL,USDC,1713.0,211608.82328,62031
389129965,humidifi,FksffEqnBRixYGR791Qw2MgdU7zNCpHVFYBL4Fa4qVuH,WSOL,USDC,1715.0,211855.853825,62060
389129965,humidifi,FksffEqnBRixYGR791Qw2MgdU7zNCpHVFYBL4Fa4qVuH,WSOL,USDC,1717.0,212102.884311,62077
389129965,humidifi,FksffEqnBRixYGR791Qw2MgdU7zNCpHVFYBL4Fa4qVuH,WSOL,USDC,1719.0,212349.914738,62135
389129965,humidifi,FksffEqnBRixYGR791Qw2MgdU7zNCpHVFYBL4Fa4qVuH,WSOL,USDC,1721.0,212596.945106,62151
389129965,humidifi,FksffEqnBRixYGR791Qw2MgdU7zNCpHVFYBL4Fa4qVuH,WSOL,USDC,1723.0,212843.975415,62050
389129965,humidifi,FksffEqnBRixYGR791Qw2MgdU7zNCpHVFYBL4Fa4qVuH,WSOL,USDC,1725.0,213091.005665,62087
389129965,humidifi,FksffEqnBRixYGR791Qw2MgdU7zNCpHVFYBL4Fa4qVuH,WSOL,USDC,1727.0,213338.035856,62061
389129965,humidifi,FksffEqnBRixYGR791Qw2MgdU7zNCpHVFYBL4Fa4qVuH,WSOL,USDC,1729.0,213585.065989,62056
389129965,humidifi,FksffEqnBRixYGR791Qw2MgdU7zNCpHVFYBL4Fa4qVuH,WSOL,USDC,1731.0,213832.096063,62073
389129965,humidifi,FksffEqnBRixYGR791Qw2MgdU7zNCpHVFYBL4Fa4qVuH,WSOL,USDC,1733.0,214079.126078,62054
389129965,humidifi,FksffEqnBRixYGR791Qw2MgdU7zNCpHVFYBL4Fa4qVuH,WSOL,USDC,1735.0,214326.156034,62078
389129965,humidifi,FksffEqnBRixYGR791Qw2MgdU7zNCpHVFYBL4Fa4qVuH,WSOL,USDC,1737.0,214573.185931,62154
389129965,humidifi,FksffEqnBRixYGR791Qw2MgdU7zNCpHVFYBL4Fa4qVuH,WSOL,USDC,1739.0,214820.21577,62073
389129965,humidifi,FksffEqnBRixYGR791Qw2MgdU7zNCpHVFYBL4Fa4qVuH,WSOL,USDC,1741.0,215067.24555,62042
389129965,humidifi,FksffEqnBRixYGR791Qw2MgdU7zNCpHVFYBL4Fa4qVuH,WSOL,USDC,1743.0,215314.275271,62052
389129965,humidifi,FksffEqnBRixYGR791Qw2MgdU7zNCpHVFYBL4Fa4qVuH,WSOL,USDC,1745.0,215561.304933,62053
389129965,humidifi,FksffEqnBRixYGR791Qw2MgdU7zNCpHVFYBL4Fa4qVuH,WSOL,USDC,1747.0,215808.334537,62057
389129965,humidifi,FksffEqnBRixYGR791Qw2MgdU7zNCpHVFYBL4Fa4qVuH,WSOL,USDC,1749.0,216055.364082,62048
389129965,humidifi,FksffEqnBRixYGR791Qw2MgdU7zNCpHVFYBL4Fa4qVuH,WSOL,USDC,1751.0,216302.393569,62055
389129965,humidifi,FksffEqnBRixYGR791Qw2MgdU7zNCpHVFYBL4Fa4qVuH,WSOL,USDC,1753.0,216549.422997,62134
389129965,humidifi,FksffEqnBRixYGR791Qw2MgdU7zNCpHVFYBL4Fa4qVuH,WSOL,USDC,1755.0,216796.452366,62052
389129965,humidifi,FksffEqnBRixYGR791Qw2MgdU7zNCpHVFYBL4Fa4qVuH,WSOL,USDC,1757.0,217043.481677,62140
389129965,humidifi,FksffEqnBRixYGR791Qw2MgdU7zNCpHVFYBL4Fa4qVuH,WSOL,USDC,1759.0,217290.510929,62064
389129965,humidifi,FksffEqnBRixYGR791Qw2MgdU7zNCpHVFYBL4Fa4qVuH,WSOL,USDC,1761.0,217537.540122,62065
389129965,humidifi,FksffEqnBRixYGR791Qw2MgdU7zNCpHVFYBL4Fa4qVuH,WSOL,USDC,1763.0,217784.569257,62059
389129965,humidifi,FksffEqnBRixYGR791Qw2MgdU7zNCpHVFYBL4Fa4qVuH,WSOL,USDC,1765.0,218031.598334,62077
389129965,humidifi,FksffEqnBRixYGR791Qw2MgdU7zNCpHVFYBL4Fa4qVuH,WSOL,USDC,1767.0,218278.627352,62107
389129965,humidifi,FksffEqnBRixYGR791Qw2MgdU7zNCpHVFYBL4Fa4qVuH,WSOL,USDC,1769.0,218525.656312,62055
389129965,humidifi,FksffEqnBRixYGR791Qw2MgdU7zNCpHVFYBL4Fa4qVuH,WSOL,USDC,1771.0,218772.685213,62044
389129965,humidifi,FksffEqnBRixYGR791Qw2MgdU7zNCpHVFYBL4Fa4qVuH,WSOL,USDC,1773.0,219019.714056,62057
389129965,humidifi,FksffEqnBRixYGR791Qw2MgdU7zNCpHVFYBL4Fa4qVuH,WSOL,USDC,1775.0,219266.74284,62059
389129965,humidifi,FksffEqnBRixYGR791Qw2MgdU7zNCpHVFYBL4Fa4qVuH,WSOL,USDC,1777.0,219513.771566,62056
389129965,humidifi,FksffEqnBRixYGR791Qw2MgdU7zNCpHVFYBL4Fa4qVuH,WSOL,USDC,1779.0,219760.800233,62153
389129965,humidifi,FksffEqnBRixYGR791Qw2MgdU7zNCpHVFYBL4Fa4qVuH,WSOL,USDC,1781.0,220007.828843,62086
389129965,humidifi,FksffEqnBRixYGR791Qw2MgdU7zNCpHVFYBL4Fa4qVuH,WSOL,USDC,1783.0,220254.857393,62056
389129965,humidifi,FksffEqnBRixYGR791Qw2MgdU7zNCpHVFYBL4Fa4qVuH,WSOL,USDC,1785.0,220501.885886,62121
389129965,humidifi,FksffEqnBRixYGR791Qw2MgdU7zNCpHVFYBL4Fa4qVuH,WSOL,USDC,1787.0,220748.91432,62095
389129965,humidifi,FksffEqnBRixYGR791Qw2MgdU7zNCpHVFYBL4Fa4qVuH,WSOL,USDC,1789.0,220995.942696,62071
389129965,humidifi,FksffEqnBRixYGR791Qw2MgdU7zNCpHVFYBL4Fa4qVuH,WSOL,USDC,1791.0,221242.971014,62090
389129965,humidifi,FksffEqnBRixYGR791Qw2MgdU7zNCpHVFYBL4Fa4qVuH,WSOL,USDC,1793.0,221489.999273,62051
389129965,humidifi,FksffEqnBRixYGR791Qw2MgdU7zNCpHVFYBL4Fa4qVuH,WSOL,USDC,1795.0,221737.027475,62131
389129965,humidifi,FksffEqnBRixYGR791Qw2MgdU7zNCpHVFYBL4Fa4qVuH,WSOL,USDC,1797.0,221984.055618,62053
389129965,humidifi,FksffEqnBRixYGR791Qw2MgdU7zNCpHVFYBL4Fa4qVuH,WSOL,USDC,1799.0,222231.083702,62060
389129965,humidifi,FksffEqnBRixYGR791Qw2MgdU7zNCpHVFYBL4Fa4qVuH,WSOL,USDC,1801.0,222478.111729,62071
389129965,humidifi,FksffEqnBRixYGR791Qw2MgdU7zNCpHVFYBL4Fa4qVuH,WSOL,USDC,1803.0,222725.139697,62094
389129965,humidifi,FksffEqnBRixYGR791Qw2MgdU7zNCpHVFYBL4Fa4qVuH,WSOL,USDC,1805.0,222972.167608,62057
389129965,humidifi,FksffEqnBRixYGR791Qw2MgdU7zNCpHVFYBL4Fa4qVuH,WSOL,USDC,1807.0,223219.19546,62050
389129965,humidifi,FksffEqnBRixYGR791Qw2MgdU7zNCpHVFYBL4Fa4qVuH,WSOL,USDC,1809.0,223466.223254,62130
389129965,humidifi,FksffEqnBRixYGR791Qw2MgdU7zNCpHVFYBL4Fa4qVuH,WSOL,USDC,1811.0,223713.25099,62059
389129965,humidifi,FksffEqnBRixYGR791Qw2MgdU7zNCpHVFYBL4Fa4qVuH,WSOL,USDC,1813.0,223960.278668,62148
389129965,humidifi,FksffEqnBRixYGR791Qw2MgdU7zNCpHVFYBL4Fa4qVuH,WSOL,USDC,1815.0,224207.306288,62053
389129965,humidifi,FksffEqnBRixYGR791Qw2MgdU7zNCpHVFYBL4Fa4qVuH,WSOL,USDC,1817.0,224454.333849,62073
389129965,humidifi,FksffEqnBRixYGR791Qw2MgdU7zNCpHVFYBL4Fa4qVuH,WSOL,USDC,1819.0,224701.361353,62146
389129965,humidifi,FksffEqnBRixYGR791Qw2MgdU7zNCpHVFYBL4Fa4qVuH,WSOL,USDC,1821.0,224948.388799,62051
389129965,humidifi,FksffEqnBRixYGR791Qw2MgdU7zNCpHVFYBL4Fa4qVuH,WSOL,USDC,1823.0,225195.416187,62057
389129965,humidifi,FksffEqnBRixYGR791Qw2MgdU7zNCpHVFYBL4Fa4qVuH,WSOL,USDC,1825.0,225442.443517,62157
389129965,humidifi,FksffEqnBRixYGR791Qw2MgdU7zNCpHVFYBL4Fa4qVuH,WSOL,USDC,1827.0,225689.470789,62062
389129965,humidifi,FksffEqnBRixYGR791Qw2MgdU7zNCpHVFYBL4Fa4qVuH,WSOL,USDC,1829.0,225936.498003,62069
389129965,humidifi,FksffEqnBRixYGR791Qw2MgdU7zNCpHVFYBL4Fa4qVuH,WSOL,USDC,1831.0,226183.525159,62067
389129965,humidifi,FksffEqnBRixYGR791Qw2MgdU7zNCpHVFYBL4Fa4qVuH,WSOL,USDC,1833.0,226430.552257,62061
389129965,humidifi,FksffEqnBRixYGR791Qw2MgdU7zNCpHVFYBL4Fa4qVuH,WSOL,USDC,1835.0,226677.579297,62054
389129965,humidifi,FksffEqnBRixYGR791Qw2MgdU7zNCpHVFYBL4Fa4qVuH,WSOL,USDC,1837.0,226924.60628,62082
389129965,humidifi,FksffEqnBRixYGR791Qw2MgdU7zNCpHVFYBL4Fa4qVuH,WSOL,USDC,1839.0,227171.633204,62067
389129965,humidifi,FksffEqnBRixYGR791Qw2MgdU7zNCpHVFYBL4Fa4qVuH,WSOL,USDC,1841.0,227418.660071,62057
389129965,humidifi,FksffEqnBRixYGR791Qw2MgdU7zNCpHVFYBL4Fa4qVuH,WSOL,USDC,1843.0,227665.68688,62164
389129965,humidifi,FksffEqnBRixYGR791Qw2MgdU7zNCpHVFYBL4Fa4qVuH,WSOL,USDC,1845.0,227912.713631,62048
389129965,humidifi,FksffEqnBRixYGR791Qw2MgdU7zNCpHVFYBL4Fa4qVuH,WSOL,USDC,1847.0,228159.740324,62055
389129965,humidifi,FksffEqnBRixYGR791Qw2MgdU7zNCpHVFYBL4Fa4qVuH,WSOL,USDC,1849.0,228406.76696,62065
389129965,humidifi,FksffEqnBRixYGR791Qw2MgdU7zNCpHVFYBL4Fa4qVuH,WSOL,USDC,1851.0,228653.793538,62061
389129965,humidifi,FksffEqnBRixYGR791Qw2MgdU7zNCpHVFYBL4Fa4qVuH,WSOL,USDC,1853.0,228900.820058,62055
389129965,humidifi,FksffEqnBRixYGR791Qw2MgdU7zNCpHVFYBL4Fa4qVuH,WSOL,USDC,1855.0,229147.846521,62150
389129965,humidifi,FksffEqnBRixYGR791Qw2MgdU7zNCpHVFYBL4Fa4qVuH,WSOL,USDC,1857.0,229394.872925,62052
389129965,humidifi,FksffEqnBRixYGR791Qw2MgdU7zNCpHVFYBL4Fa4qVuH,WSOL,USDC,1859.0,229641.899273,62078
389129965,humidifi,FksffEqnBRixYGR791Qw2MgdU7zNCpHVFYBL4Fa4qVuH,WSOL,USDC,1861.0,229888.925562,62053
389129965,humidifi,FksffEqnBRixYGR791Qw2MgdU7zNCpHVFYBL4Fa4qVuH,WSOL,USDC,1863.0,230135.951794,62140
389129965,humidifi,FksffEqnBRixYGR791Qw2MgdU7zNCpHVFYBL4Fa4qVuH,WSOL,USDC,1865.0,230382.977968,62070
389129965,humidifi,FksffEqnBRixYGR791Qw2MgdU7zNCpHVFYBL4Fa4qVuH,WSOL,USDC,1867.0,230630.004085,62070
389129965,humidifi,FksffEqnBRixYGR791Qw2MgdU7zNCpHVFYBL4Fa4qVuH,WSOL,USDC,1869.0,230877.030144,62158
389129965,humidifi,FksffEqnBRixYGR791Qw2MgdU7zNCpHVFYBL4Fa4qVuH,WSOL,USDC,1871.0,231124.056145,62054
389129965,humidifi,FksffEqnBRixYGR791Qw2MgdU7zNCpHVFYBL4Fa4qVuH,WSOL,USDC,1873.0,231371.082089,62075
389129965,humidifi,FksffEqnBRixYGR791Qw2MgdU7zNCpHVFYBL4Fa4qVuH,WSOL,USDC,1875.0,231618.107975,62088
389129965,humidifi,FksffEqnBRixYGR791Qw2MgdU7zNCpHVFYBL4Fa4qVuH,WSOL,USDC,1877.0,231865.133804,62066
389129965,humidifi,FksffEqnBRixYGR791Qw2MgdU7zNCpHVFYBL4Fa4qVuH,WSOL,USDC,1879.0,232112.159576,62089
389129965,humidifi,FksffEqnBRixYGR791Qw2MgdU7zNCpHVFYBL4Fa4qVuH,WSOL,USDC,1881.0,232359.185289,62149
389129965,humidifi,FksffEqnBRixYGR791Qw2MgdU7zNCpHVFYBL4Fa4qVuH,WSOL,USDC,1883.0,232606.210946,62007
389129965,humidifi,FksffEqnBRixYGR791Qw2MgdU7zNCpHVFYBL4Fa4qVuH,WSOL,USDC,1885.0,232853.236545,62071
389129965,humidifi,FksffEqnBRixYGR791Qw2MgdU7zNCpHVFYBL4Fa4qVuH,WSOL,USDC,1887.0,233100.262086,62140
389129965,humidifi,FksffEqnBRixYGR791Qw2MgdU7zNCpHVFYBL4Fa4qVuH,WSOL,USDC,1889.0,233347.28757,62048
389129965,humidifi,FksffEqnBRixYGR791Qw2MgdU7zNCpHVFYBL4Fa4qVuH,WSOL,USDC,1891.0,233594.312997,62063
389129965,humidifi,FksffEqnBRixYGR791Qw2MgdU7zNCpHVFYBL4Fa4qVuH,WSOL,USDC,1893.0,233841.338366,62119
389129965,humidifi,FksffEqnBRixYGR791Qw2MgdU7zNCpHVFYBL4Fa4qVuH,WSOL,USDC,1895.0,234088.363678,62152
389129965,humidifi,FksffEqnBRixYGR791Qw2MgdU7zNCpHVFYBL4Fa4qVuH,WSOL,USDC,1897.0,234335.388933,62090
389129965,humidifi,FksffEqnBRixYGR791Qw2MgdU7zNCpHVFYBL4Fa4qVuH,WSOL,USDC,1899.0,234582.41413,62123
389129965,humidifi,FksffEqnBRixYGR791Qw2MgdU7zNCpHVFYBL4Fa4qVuH,WSOL,USDC,1901.0,234829.43927,62076
389129965,humidifi,FksffEqnBRixYGR791Qw2MgdU7zNCpHVFYBL4Fa4qVuH,WSOL,USDC,1903.0,235076.464353,62062
389129965,humidifi,FksffEqnBRixYGR791Qw2MgdU7zNCpHVFYBL4Fa4qVuH,WSOL,USDC,1905.0,235323.489378,62069
389129965,humidifi,FksffEqnBRixYGR791Qw2MgdU7zNCpHVFYBL4Fa4qVuH,WSOL,USDC,1907.0,235570.514346,62169
389129965,humidifi,FksffEqnBRixYGR791Qw2MgdU7zNCpHVFYBL4Fa4qVuH,WSOL,USDC,1909.0,235817.539257,62063
389129965,humidifi,FksffEqnBRixYGR791Qw2MgdU7zNCpHVFYBL4Fa4qVuH,WSOL,USDC,1911.0,236064.564111,62082
389129965,humidifi,FksffEqnBRixYGR791Qw2MgdU7zNCpHVFYBL4Fa4qVuH,WSOL,USDC,1913.0,236311.588907,62147
389129965,humidifi,FksffEqnBRixYGR791Qw2MgdU7zNCpHVFYBL4Fa4qVuH,WSOL,USDC,1915.0,236558.613646,62156
389129965,humidifi,FksffEqnBRixYGR791Qw2MgdU7zNCpHVFYBL4Fa4qVuH,WSOL,USDC,1917.0,236805.638328,62082
389129965,humidifi,FksffEqnBRixYGR791Qw2MgdU7zNCpHVFYBL4Fa4qVuH,WSOL,USDC,1919.0,237052.662953,62088
389129965,humidifi,FksffEqnBRixYGR791Qw2MgdU7zNCpHVFYBL4Fa4qVuH,WSOL,USDC,1921.0,237299.687521,62159
389129965,humidifi,FksffEqnBRixYGR791Qw2MgdU7zNCpHVFYBL4Fa4qVuH,WSOL,USDC,1923.0,237546.712032,62060
389129965,humidifi,FksffEqnBRixYGR791Qw2MgdU7zNCpHVFYBL4Fa4qVuH,WSOL,USDC,1925.0,237793.736485,62064
389129965,humidifi,FksffEqnBRixYGR791Qw2MgdU7zNCpHVFYBL4Fa4qVuH,WSOL,USDC,1927.0,238040.760881,62073
389129965,humidifi,FksffEqnBRixYGR791Qw2MgdU7zNCpHVFYBL4Fa4qVuH,WSOL,USDC,1929.0,238287.785221,62071
389129965,humidifi,FksffEqnBRixYGR791Qw2MgdU7zNCpHVFYBL4Fa4qVuH,WSOL,USDC,1931.0,238534.809503,62055
389129965,humidifi,FksffEqnBRixYGR791Qw2MgdU7zNCpHVFYBL4Fa4qVuH,WSOL,USDC,1933.0,238781.833728,62133
389129965,humidifi,FksffEqnBRixYGR791Qw2MgdU7zNCpHVFYBL4Fa4qVuH,WSOL,USDC,1935.0,239028.857896,62158
389129965,humidifi,FksffEqnBRixYGR791Qw2MgdU7zNCpHVFYBL4Fa4qVuH,WSOL,USDC,1937.0,239275.882007,62091
389129965,humidifi,FksffEqnBRixYGR791Qw2MgdU7zNCpHVFYBL4Fa4qVuH,WSOL,USDC,1939.0,239522.906061,62054
389129965,humidifi,FksffEqnBRixYGR791Qw2MgdU7zNCpHVFYBL4Fa4qVuH,WSOL,USDC,1941.0,239769.930058,62156
389129965,humidifi,FksffEqnBRixYGR791Qw2MgdU7zNCpHVFYBL4Fa4qVuH,WSOL,USDC,1943.0,240016.953998,62063
389129965,humidifi,FksffEqnBRixYGR791Qw2MgdU7zNCpHVFYBL4Fa4qVuH,WSOL,USDC,1945.0,240263.977881,62072
389129965,humidifi,FksffEqnBRixYGR791Qw2MgdU7zNCpHVFYBL4Fa4qVuH,WSOL,USDC,1947.0,240511.001707,62149
389129965,humidifi,FksffEqnBRixYGR791Qw2MgdU7zNCpHVFYBL4Fa4qVuH,WSOL,USDC,1949.0,240758.025477,62166
389129965,humidifi,FksffEqnBRixYGR791Qw2MgdU7zNCpHVFYBL4Fa4qVuH,WSOL,USDC,1951.0,241005.049189,62074
389129965,humidifi,FksffEqnBRixYGR791Qw2MgdU7zNCpHVFYBL4Fa4qVuH,WSOL,USDC,1953.0,241252.072845,62077
389129965,humidifi,FksffEqnBRixYGR791Qw2MgdU7zNCpHVFYBL4Fa4qVuH,WSOL,USDC,1955.0,241499.096443,62063
389129965,humidifi,FksffEqnBRixYGR791Qw2MgdU7zNCpHVFYBL4Fa4qVuH,WSOL,USDC,1957.0,241746.119985,62101
389129965,humidifi,FksffEqnBRixYGR791Qw2MgdU7zNCpHVFYBL4Fa4qVuH,WSOL,USDC,1959.0,241993.14347,62089
389129965,humidifi,FksffEqnBRixYGR791Qw2MgdU7zNCpHVFYBL4Fa4qVuH,WSOL,USDC,1961.0,242240.166898,62156
389129965,humidifi,FksffEqnBRixYGR791Qw2MgdU7zNCpHVFYBL4Fa4qVuH,WSOL,USDC,1963.0,242487.190269,62115
389129965,humidifi,FksffEqnBRixYGR791Qw2MgdU7zNCpHVFYBL4Fa4qVuH,WSOL,USDC,1965.0,242734.213583,62046
389129965,humidifi,FksffEqnBRixYGR791Qw2MgdU7zNCpHVFYBL4Fa4qVuH,WSOL,USDC,1967.0,242981.236841,62072
389129965,humidifi,FksffEqnBRixYGR791Qw2MgdU7zNCpHVFYBL4Fa4qVuH,WSOL,USDC,1969.0,243228.260042,62111
389129965,humidifi,FksffEqnBRixYGR791Qw2MgdU7zNCpHVFYBL4Fa4qVuH,WSOL,USDC,1971.0,243475.283186,62058
389129965,humidifi,FksffEqnBRixYGR791Qw2MgdU7zNCpHVFYBL4Fa4qVuH,WSOL,USDC,1973.0,243722.306273,62046
389129965,humidifi,FksffEqnBRixYGR791Qw2MgdU7zNCpHVFYBL4Fa4qVuH,WSOL,USDC,1975.0,243969.329304,62112
389129965,humidifi,FksffEqnBRixYGR791Qw2MgdU7zNCpHVFYBL4Fa4qVuH,WSOL,USDC,1977.0,244216.352278,62078
389129965,humidifi,FksffEqnBRixYGR791Qw2MgdU7zNCpHVFYBL4Fa4qVuH,WSOL,USDC,1979.0,244463.375195,62056
389129965,humidifi,FksffEqnBRixYGR791Qw2MgdU7zNCpHVFYBL4Fa4qVuH,WSOL,USDC,1981.0,244710.398056,62083
389129965,humidifi,FksffEqnBRixYGR791Qw2MgdU7zNCpHVFYBL4Fa4qVuH,WSOL,USDC,1983.0,244957.42086,62139
389129965,humidifi,FksffEqnBRixYGR791Qw2MgdU7zNCpHVFYBL4Fa4qVuH,WSOL,USDC,1985.0,245204.443607,62067
389129965,humidifi,FksffEqnBRixYGR791Qw2MgdU7zNCpHVFYBL4Fa4qVuH,WSOL,USDC,1987.0,245451.466298,62066
389129965,humidifi,FksffEqnBRixYGR791Qw2MgdU7zNCpHVFYBL4Fa4qVuH,WSOL,USDC,1989.0,245698.488932,62059
389129965,humidifi,FksffEqnBRixYGR791Qw2MgdU7zNCpHVFYBL4Fa4qVuH,WSOL,USDC,1991.0,245945.511509,62131
389129965,humidifi,FksffEqnBRixYGR791Qw2MgdU7zNCpHVFYBL4Fa4qVuH,WSOL,USDC,1993.0,246192.53403,62141
389129965,humidifi,FksffEqnBRixYGR791Qw2MgdU7zNCpHVFYBL4Fa4qVuH,WSOL,USDC,1995.0,246439.556494,62048
389129965,humidifi,FksffEqnBRixYGR791Qw2MgdU7zNCpHVFYBL4Fa4qVuH,WSOL,USDC,1997.0,246686.578902,62073
389129965,humidifi,FksffEqnBRixYGR791Qw2MgdU7zNCpHVFYBL4Fa4qVuH,WSOL,USDC,1999.0,246933.601253,62141
